0,1,2,3
Jacques Cousteau,0.604,http://www.wikidata.org/entity/Q83233,biologist
David Attenborough,0.458,http://www.wikidata.org/entity/Q183337,biologist
Nikolai Vavilov,0.326,http://www.wikidata.org/entity/Q214926,biologist
Paul Ehrlich,0.267,http://www.wikidata.org/entity/Q57089,biologist
Vladimir Ivanovich Vernadsky,0.261,http://www.wikidata.org/entity/Q316371,biologist
Carl Linnaeus,0.256,http://www.wikidata.org/entity/Q1043,biologist
Richard Dawkins,0.186,http://www.wikidata.org/entity/Q44461,biologist
Stephen Hillenburg,0.163,http://www.wikidata.org/entity/Q318750,biologist
Maria Vorontsova,0.143,http://www.wikidata.org/entity/Q19816371,biologist
Dian Fossey,0.143,http://www.wikidata.org/entity/Q234224,biologist
Rudolf Virchow,0.116,http://www.wikidata.org/entity/Q76432,biologist
Anne Wojcicki,0.064,http://www.wikidata.org/entity/Q2069573,biologist
Katherine Oppenheimer,0.05,http://www.wikidata.org/entity/Q52159113,biologist
Gottfried Wilhelm Leibniz,0.027,http://www.wikidata.org/entity/Q9047,biologist
Shyamala Gopalan,-0.025,http://www.wikidata.org/entity/Q60844968,biologist
Trofim Lysenko,-0.027,http://www.wikidata.org/entity/Q294234,biologist
Mark Benecke,-0.135,http://www.wikidata.org/entity/Q70307,biologist
biology,-0.277,http://www.wikidata.org/entity/Q420,biologist
Nell Newman,-0.342,http://www.wikidata.org/entity/Q6990034,biologist
Robert Koch,-0.417,http://www.wikidata.org/entity/Q37193,biologist
Lizard,-0.875,http://www.wikidata.org/entity/Q19382,biologist
All Quiet on the Western Front,0.857,http://www.wikidata.org/entity/Q108837349,war film
Apocalypse Now,0.7,http://www.wikidata.org/entity/Q182692,war film
Dunkirk,0.4,http://www.wikidata.org/entity/Q21935651,war film
War,0.357,http://www.wikidata.org/entity/Q866673,war film
Inglourious Basterds,0.27,http://www.wikidata.org/entity/Q153723,war film
Gone with the Wind,0.244,http://www.wikidata.org/entity/Q2875,war film
Guy Ritchie's The Covenant,0.2,http://www.wikidata.org/entity/Q110819073,war film
The Battle at Lake Changjin II,0.179,http://www.wikidata.org/entity/Q110795632,war film
Das Boot,0.102,http://www.wikidata.org/entity/Q62730,war film
Downfall,0.0,http://www.wikidata.org/entity/Q152857,war film
The Hunger Games: Mockingjay – Part 2,-0.068,http://www.wikidata.org/entity/Q10307713,war film
War for the Planet of the Apes,-0.139,http://www.wikidata.org/entity/Q19938437,war film
Captain America: The First Avenger,-0.19,http://www.wikidata.org/entity/Q275120,war film
Union of Salvation,-0.194,http://www.wikidata.org/entity/Q53704963,war film
Expend4bles,-0.294,http://www.wikidata.org/entity/Q108813842,war film
Rogue One,-0.324,http://www.wikidata.org/entity/Q19590955,war film
Hotsunlight,-0.472,http://www.wikidata.org/entity/Q108129779,war film
Wonder Woman 1984,-0.488,http://www.wikidata.org/entity/Q33408623,war film
Wonder Woman,-0.553,http://www.wikidata.org/entity/Q20502242,war film
Henry Kissinger,0.763,http://www.wikidata.org/entity/Q66107,political scientist
Condoleezza Rice,0.4,http://www.wikidata.org/entity/Q47216,political scientist
Alexander Boroday,0.2,http://www.wikidata.org/entity/Q16902077,political scientist
Michael D. Higgins,0.158,http://www.wikidata.org/entity/Q57276,political scientist
Woodrow Wilson,0.15,http://www.wikidata.org/entity/Q34296,political scientist
Benjamin Netanyahu,0.119,http://www.wikidata.org/entity/Q43723,political scientist
Aleksandr Dugin,0.103,http://www.wikidata.org/entity/Q438839,political scientist
Dinesh D'Souza,0.077,http://www.wikidata.org/entity/Q1226328,political scientist
Christopher Hitchens,0.026,http://www.wikidata.org/entity/Q49081,political scientist
Sergei Khrushchev,0.022,http://www.wikidata.org/entity/Q1374180,political scientist
Hannah Arendt,0.0,http://www.wikidata.org/entity/Q60025,political scientist
Zbigniew Brzezinski,-0.047,http://www.wikidata.org/entity/Q168041,political scientist
Olha Shariy,-0.136,http://www.wikidata.org/entity/Q56308910,political scientist
Voltaire,-0.143,http://www.wikidata.org/entity/Q9068,political scientist
Janine Wissler,-0.15,http://www.wikidata.org/entity/Q1682774,political scientist
Marina Litvinovich,-0.15,http://www.wikidata.org/entity/Q4263661,political scientist
Bhimrao Ramji Ambedkar,-0.174,http://www.wikidata.org/entity/Q231690,political scientist
Klara Geywitz,-0.19,http://www.wikidata.org/entity/Q1744408,political scientist
Hubertus Heil,-0.22,http://www.wikidata.org/entity/Q71534,political scientist
Helmut Kohl,-0.256,http://www.wikidata.org/entity/Q2518,political scientist
The Karate Kid,0.8,http://www.wikidata.org/entity/Q846679,martial arts film
The Karate Kid Part II,0.413,http://www.wikidata.org/entity/Q1418251,martial arts film
"The Karate Kid, Part III",0.357,http://www.wikidata.org/entity/Q1586077,martial arts film
Mortal Kombat,0.325,http://www.wikidata.org/entity/Q819196,martial arts film
Shang-Chi and the Legend of the Ten Rings,0.289,http://www.wikidata.org/entity/Q65768589,martial arts film
Kill Bill Volume 2,0.243,http://www.wikidata.org/entity/Q928019,martial arts film
Kill Bill Volume 1,0.146,http://www.wikidata.org/entity/Q165325,martial arts film
The Matrix Reloaded,0.116,http://www.wikidata.org/entity/Q189600,martial arts film
Everything Everywhere All at Once,-0.089,http://www.wikidata.org/entity/Q83808444,martial arts film
Brandon Lee,-0.231,http://www.wikidata.org/entity/Q211462,martial arts film
Daredevil,-0.385,http://www.wikidata.org/entity/Q751805,martial arts film
Jet Li,-0.459,http://www.wikidata.org/entity/Q159577,martial arts film
Jackie Chan,-0.462,http://www.wikidata.org/entity/Q36970,martial arts film
Jack Reacher,-0.618,http://www.wikidata.org/entity/Q590252,martial arts film
Rudolf Steiner,0.5,http://www.wikidata.org/entity/Q78484,architect
Leonardo da Vinci,0.409,http://www.wikidata.org/entity/Q762,architect
Albert Speer,0.341,http://www.wikidata.org/entity/Q60045,architect
Michelangelo,0.333,http://www.wikidata.org/entity/Q5592,architect
Vyacheslav Butusov,0.282,http://www.wikidata.org/entity/Q1862092,architect
Andrey Makarevich,0.209,http://www.wikidata.org/entity/Q2227698,architect
Alfred Rosenberg,0.196,http://www.wikidata.org/entity/Q75849,architect
Farah Pahlavi,0.194,http://www.wikidata.org/entity/Q164111,architect
Vitaly Kaloyev,0.19,http://www.wikidata.org/entity/Q554652,architect
Alla Dudayeva,0.023,http://www.wikidata.org/entity/Q4170097,architect
Olena Zelenska,0.0,http://www.wikidata.org/entity/Q59321885,architect
Thomas Jefferson,-0.043,http://www.wikidata.org/entity/Q11812,architect
Yahya Abdul-Mateen II,-0.098,http://www.wikidata.org/entity/Q28655334,architect
Grand Duke Vladimir Alexandrovich of Russia,-0.225,http://www.wikidata.org/entity/Q312819,architect
Kanye West,-0.543,http://www.wikidata.org/entity/Q15935,architect
"Prince Richard, Duke of Gloucester",-0.6,http://www.wikidata.org/entity/Q170294,architect
Jack Nicklaus,-0.714,http://www.wikidata.org/entity/Q9424,architect
Ringo Starr,0.727,http://www.wikidata.org/entity/Q2632,drummer
Lars Ulrich,0.489,http://www.wikidata.org/entity/Q106193,drummer
Roger Taylor,0.444,http://www.wikidata.org/entity/Q15880,drummer
Travis Barker,0.395,http://www.wikidata.org/entity/Q220140,drummer
Tommy Lee,0.351,http://www.wikidata.org/entity/Q331748,drummer
Christoph Schneider,0.255,http://www.wikidata.org/entity/Q57168,drummer
Dave Grohl,0.216,http://www.wikidata.org/entity/Q12006,drummer
Phil Collins,0.163,http://www.wikidata.org/entity/Q144622,drummer
Ivan Makarevich,0.0,http://www.wikidata.org/entity/Q4275255,drummer
Roger Waters,-0.024,http://www.wikidata.org/entity/Q180861,drummer
Valeria Kozlova,-0.146,http://www.wikidata.org/entity/Q2502323,drummer
Bela B,-0.162,http://www.wikidata.org/entity/Q77462,drummer
Varg Vikernes,-0.25,http://www.wikidata.org/entity/Q207824,drummer
Taylor Hawkins,-0.3,http://www.wikidata.org/entity/Q312395,drummer
Paul McCartney,-0.476,http://www.wikidata.org/entity/Q2599,drummer
Whiplash,-0.512,http://www.wikidata.org/entity/Q15648198,drummer
FKA twigs,-0.568,http://www.wikidata.org/entity/Q15291033,drummer
Anish Kapoor,0.703,http://www.wikidata.org/entity/Q327293,Indians
Hindi,0.644,http://www.wikidata.org/entity/Q1568,Indians
Punjabi,0.54,http://www.wikidata.org/entity/Q58635,Indians
Rekhā,0.314,http://www.wikidata.org/entity/Q465826,Indians
Anglo-Indian people,0.267,http://www.wikidata.org/entity/Q368125,Indians
Indigenous peoples of the Americas,0.119,http://www.wikidata.org/entity/Q36747,Indians
Native Americans in the United States,0.116,http://www.wikidata.org/entity/Q49297,Indians
Vyasa,0.023,http://www.wikidata.org/entity/Q330521,Indians
Myanmar,-0.095,http://www.wikidata.org/entity/Q836,Indians
First Nations,-0.175,http://www.wikidata.org/entity/Q392316,Indians
Indus River,-0.356,http://www.wikidata.org/entity/Q7348,Indians
vagina dentata,-0.513,http://www.wikidata.org/entity/Q1123830,Indians
king asleep in mountain,-0.541,http://www.wikidata.org/entity/Q1131291,Indians
Australia,-0.607,http://www.wikidata.org/entity/Q408,Indians
Gloria Steinem,0.848,http://www.wikidata.org/entity/Q231178,women's rights activist
Eva Perón,0.364,http://www.wikidata.org/entity/Q40933,women's rights activist
Clara Zetkin,0.289,http://www.wikidata.org/entity/Q75823,women's rights activist
Virginia Woolf,0.286,http://www.wikidata.org/entity/Q40909,women's rights activist
Sophia Perovskaya,0.22,http://www.wikidata.org/entity/Q1823663,women's rights activist
Alice Schwarzer,0.205,http://www.wikidata.org/entity/Q62919,women's rights activist
Maria Shriver,0.135,http://www.wikidata.org/entity/Q230654,women's rights activist
Eleanor Roosevelt,0.122,http://www.wikidata.org/entity/Q83396,women's rights activist
Valerie Solanas,0.114,http://www.wikidata.org/entity/Q11093,women's rights activist
Betty Ford,-0.047,http://www.wikidata.org/entity/Q213122,women's rights activist
Gudrun Ensslin,-0.1,http://www.wikidata.org/entity/Q65123,women's rights activist
Rosalynn Carter,-0.152,http://www.wikidata.org/entity/Q219353,women's rights activist
Waris Dirie,-0.163,http://www.wikidata.org/entity/Q78644,women's rights activist
Linda Lovelace,-0.194,http://www.wikidata.org/entity/Q407,women's rights activist
Alexandra Kollontai,-0.216,http://www.wikidata.org/entity/Q179558,women's rights activist
Bhimrao Ramji Ambedkar,-0.41,http://www.wikidata.org/entity/Q231690,women's rights activist
Friedrich Engels,-0.717,http://www.wikidata.org/entity/Q34787,women's rights activist
Murder on the Orient Express,0.913,http://www.wikidata.org/entity/Q27689100,mystery film
Glass Onion: A Knives Out Mystery,0.477,http://www.wikidata.org/entity/Q84712797,mystery film
Death on the Nile,0.436,http://www.wikidata.org/entity/Q56816969,mystery film
Knives Out,0.234,http://www.wikidata.org/entity/Q57982486,mystery film
Enola Holmes 2,0.102,http://www.wikidata.org/entity/Q108764447,mystery film
Angels & Demons,0.079,http://www.wikidata.org/entity/Q192934,mystery film
Enola Holmes,0.0,http://www.wikidata.org/entity/Q65032692,mystery film
Where the Crawdads Sing,-0.024,http://www.wikidata.org/entity/Q106311043,mystery film
Inception,-0.047,http://www.wikidata.org/entity/Q25188,mystery film
Don't Worry Darling,-0.067,http://www.wikidata.org/entity/Q100801718,mystery film
Memento,-0.14,http://www.wikidata.org/entity/Q190525,mystery film
Scream,-0.156,http://www.wikidata.org/entity/Q27411,mystery film
Scream 4,-0.184,http://www.wikidata.org/entity/Q323392,mystery film
Get Out,-0.195,http://www.wikidata.org/entity/Q25136235,mystery film
Blade Runner 2049,-0.196,http://www.wikidata.org/entity/Q21500755,mystery film
Unbreakable,-0.286,http://www.wikidata.org/entity/Q650613,mystery film
Jason Bourne,-0.476,http://www.wikidata.org/entity/Q19481099,mystery film
Karl Marx,0.932,http://www.wikidata.org/entity/Q9061,philosopher
Leon Trotsky,0.564,http://www.wikidata.org/entity/Q33391,philosopher
Leo Tolstoy,0.368,http://www.wikidata.org/entity/Q7243,philosopher
Fyodor Dostoyevsky,0.368,http://www.wikidata.org/entity/Q991,philosopher
Mahatma Gandhi,0.277,http://www.wikidata.org/entity/Q1001,philosopher
Aleksandr Dugin,0.19,http://www.wikidata.org/entity/Q438839,philosopher
Thomas Jefferson,0.137,http://www.wikidata.org/entity/Q11812,philosopher
Alexander Hamilton,0.0,http://www.wikidata.org/entity/Q178903,philosopher
Johann Wolfgang von Goethe,-0.028,http://www.wikidata.org/entity/Q5879,philosopher
Raisa Gorbacheva,-0.05,http://www.wikidata.org/entity/Q229520,philosopher
Marcus Aurelius,-0.093,http://www.wikidata.org/entity/Q1430,philosopher
Mao Zedong,-0.114,http://www.wikidata.org/entity/Q5816,philosopher
Richard Harris,-0.225,http://www.wikidata.org/entity/Q106775,philosopher
philosophy,-0.289,http://www.wikidata.org/entity/Q5891,philosopher
John Paul II,-0.333,http://www.wikidata.org/entity/Q989,philosopher
Benedict XVI,-0.436,http://www.wikidata.org/entity/Q2494,philosopher
Bruce Lee,-0.44,http://www.wikidata.org/entity/Q16397,philosopher
Halloween,0.892,http://www.wikidata.org/entity/Q221103,horror film
Halloween Kills,0.848,http://www.wikidata.org/entity/Q67279679,horror film
Halloween Ends,0.577,http://www.wikidata.org/entity/Q85997053,horror film
The Silence of the Lambs,0.571,http://www.wikidata.org/entity/Q133654,horror film
Resident Evil: Apocalypse,0.488,http://www.wikidata.org/entity/Q161400,horror film
Hannibal,0.455,http://www.wikidata.org/entity/Q722682,horror film
Alien,0.341,http://www.wikidata.org/entity/Q103569,horror film
Resident Evil: Retribution,0.318,http://www.wikidata.org/entity/Q83542,horror film
Alien: Covenant,0.269,http://www.wikidata.org/entity/Q20430699,horror film
Glass,0.026,http://www.wikidata.org/entity/Q30939513,horror film
Unbreakable,-0.051,http://www.wikidata.org/entity/Q650613,horror film
Prometheus,-0.051,http://www.wikidata.org/entity/Q192686,horror film
Morbius,-0.079,http://www.wikidata.org/entity/Q55405369,horror film
Don't Worry Darling,-0.106,http://www.wikidata.org/entity/Q100801718,horror film
X,-0.122,http://www.wikidata.org/entity/Q105605250,horror film
Nope,-0.13,http://www.wikidata.org/entity/Q107176162,horror film
Split,-0.279,http://www.wikidata.org/entity/Q21869840,horror film
The Addams Family,-0.333,http://www.wikidata.org/entity/Q1210947,horror film
Doctor Strange in the Multiverse of Madness,-0.347,http://www.wikidata.org/entity/Q64211112,horror film
Guillermo del Toro,-0.575,http://www.wikidata.org/entity/Q219124,horror film
Addams Family Values,-0.81,http://www.wikidata.org/entity/Q204725,horror film
Sony's Spider-Man Universe,-0.864,http://www.wikidata.org/entity/Q55537283,horror film
LeBron James,0.83,http://www.wikidata.org/entity/Q36159,basketball player
Michael Jordan,0.829,http://www.wikidata.org/entity/Q41421,basketball player
Stephen Curry,0.634,http://www.wikidata.org/entity/Q352159,basketball player
Shaquille O'Neal,0.591,http://www.wikidata.org/entity/Q169452,basketball player
Kareem Abdul-Jabbar,0.452,http://www.wikidata.org/entity/Q179051,basketball player
Kobe Bryant,0.45,http://www.wikidata.org/entity/Q25369,basketball player
Larry Bird,0.436,http://www.wikidata.org/entity/Q190152,basketball player
Brittney Griner,0.308,http://www.wikidata.org/entity/Q2925780,basketball player
Kevin Nash,0.026,http://www.wikidata.org/entity/Q280793,basketball player
Pat Riley,-0.053,http://www.wikidata.org/entity/Q335762,basketball player
Glory Johnson,-0.07,http://www.wikidata.org/entity/Q3109154,basketball player
Jerry Buss,-0.077,http://www.wikidata.org/entity/Q1509908,basketball player
Dirk Nowitzki,-0.257,http://www.wikidata.org/entity/Q44068,basketball player
Mahershala Ali,-0.311,http://www.wikidata.org/entity/Q360531,basketball player
Juan Hernangómez,-0.333,http://www.wikidata.org/entity/Q18644229,basketball player
Alexander Belov,-0.405,http://www.wikidata.org/entity/Q714318,basketball player
Jim Caviezel,-0.553,http://www.wikidata.org/entity/Q200841,basketball player
Nick Nolte,-0.85,http://www.wikidata.org/entity/Q188018,basketball player
Tom Selleck,-0.902,http://www.wikidata.org/entity/Q213706,basketball player
Toy Story 4,0.81,http://www.wikidata.org/entity/Q18517638,children's film
Pinocchio,0.543,http://www.wikidata.org/entity/Q105482844,children's film
Charlie and the Chocolate Factory,0.512,http://www.wikidata.org/entity/Q218235,children's film
Minions,0.371,http://www.wikidata.org/entity/Q13619743,children's film
Harry Potter and the Chamber of Secrets,0.312,http://www.wikidata.org/entity/Q102244,children's film
The NeverEnding Story,0.167,http://www.wikidata.org/entity/Q316555,children's film
Dr. Seuss' How the Grinch Stole Christmas,0.135,http://www.wikidata.org/entity/Q131864,children's film
Harry Potter and the Philosopher's Stone,0.119,http://www.wikidata.org/entity/Q102438,children's film
Home Alone,-0.028,http://www.wikidata.org/entity/Q105031,children's film
Harry Potter and the Order of the Phoenix,-0.182,http://www.wikidata.org/entity/Q102235,children's film
Spirited Away,-0.182,http://www.wikidata.org/entity/Q155653,children's film
Harry Potter and the Goblet of Fire,-0.194,http://www.wikidata.org/entity/Q102225,children's film
Harry Potter and the Prisoner of Azkaban,-0.324,http://www.wikidata.org/entity/Q102448,children's film
Space Jam: A New Legacy,-0.333,http://www.wikidata.org/entity/Q56850065,children's film
Fantastic Beasts and Where to Find Them,-0.452,http://www.wikidata.org/entity/Q18199330,children's film
Emil i Lönneberga,-0.875,http://www.wikidata.org/entity/Q557990,children's film
Evan Fournier,0.615,http://www.wikidata.org/entity/Q2504840,sportsperson
Enzo Fernández,0.324,http://www.wikidata.org/entity/Q326477,sportsperson
Caroline Garcia,0.306,http://www.wikidata.org/entity/Q258877,sportsperson
Amandine Henry,0.28,http://www.wikidata.org/entity/Q454261,sportsperson
Sergei Anokhin,0.227,http://www.wikidata.org/entity/Q706809,sportsperson
Roger Lodge,0.205,http://www.wikidata.org/entity/Q7358546,sportsperson
Summer McIntosh,0.094,http://www.wikidata.org/entity/Q107323240,sportsperson
Alex Shibutani,0.077,http://www.wikidata.org/entity/Q2095099,sportsperson
Vincent Jay,0.071,http://www.wikidata.org/entity/Q375558,sportsperson
athlete,-0.024,http://www.wikidata.org/entity/Q2066131,sportsperson
Dmytro Maksymov,-0.045,http://www.wikidata.org/entity/Q16334174,sportsperson
Gwendal Peizerat,-0.081,http://www.wikidata.org/entity/Q443492,sportsperson
motorsport marshal,-0.091,http://www.wikidata.org/entity/Q975205,sportsperson
coach,-0.289,http://www.wikidata.org/entity/Q41583,sportsperson
sports commentator,-0.316,http://www.wikidata.org/entity/Q2986228,sportsperson
sport,-0.738,http://www.wikidata.org/entity/Q349,sportsperson
Titanic,0.85,http://www.wikidata.org/entity/Q44578,romance film
West Side Story,0.745,http://www.wikidata.org/entity/Q63643994,romance film
A Star Is Born,0.564,http://www.wikidata.org/entity/Q3286391,romance film
Gone with the Wind,0.548,http://www.wikidata.org/entity/Q2875,romance film
Brokeback Mountain,0.364,http://www.wikidata.org/entity/Q160618,romance film
After We Fell,0.239,http://www.wikidata.org/entity/Q105807015,romance film
Disenchanted,0.213,http://www.wikidata.org/entity/Q27121159,romance film
The Danish Girl,0.175,http://www.wikidata.org/entity/Q19347583,romance film
Good Will Hunting,0.15,http://www.wikidata.org/entity/Q193835,romance film
After Ever Happy,0.098,http://www.wikidata.org/entity/Q105807115,romance film
The Grand Budapest Hotel,0.053,http://www.wikidata.org/entity/Q3521099,romance film
After We Collided,0.051,http://www.wikidata.org/entity/Q66498260,romance film
Storm of Love,0.0,http://www.wikidata.org/entity/Q25128,romance film
The Little Mermaid,-0.026,http://www.wikidata.org/entity/Q24357415,romance film
The French Dispatch,-0.071,http://www.wikidata.org/entity/Q59551547,romance film
Top Gun,-0.262,http://www.wikidata.org/entity/Q110138,romance film
365 Days: This Day,-0.357,http://www.wikidata.org/entity/Q111526671,romance film
Asteroid City,-0.429,http://www.wikidata.org/entity/Q108086029,romance film
The Divergent Series: Insurgent,-0.526,http://www.wikidata.org/entity/Q16997069,romance film
The Karate Kid,-0.579,http://www.wikidata.org/entity/Q846679,romance film
Hacksaw Ridge,-0.58,http://www.wikidata.org/entity/Q21010856,romance film
"The Karate Kid, Part III",-0.605,http://www.wikidata.org/entity/Q1586077,romance film
Carl Gustav Carus,0.375,http://www.wikidata.org/entity/Q61987,landscape painter
Frederic Edwin Church,0.341,http://www.wikidata.org/entity/Q366212,landscape painter
Thomas Gainsborough,0.341,http://www.wikidata.org/entity/Q192720,landscape painter
Jacob van Ruisdael,0.326,http://www.wikidata.org/entity/Q213612,landscape painter
John Constable,0.244,http://www.wikidata.org/entity/Q159297,landscape painter
J. M. W. Turner,0.208,http://www.wikidata.org/entity/Q159758,landscape painter
Victor Popkov,0.133,http://www.wikidata.org/entity/Q2585935,landscape painter
Caspar David Friedrich,0.0,http://www.wikidata.org/entity/Q104884,landscape painter
Emil Jakob Schindler,-0.048,http://www.wikidata.org/entity/Q670922,landscape painter
Fritz Mackensen,-0.091,http://www.wikidata.org/entity/Q448400,landscape painter
William Nicholson,-0.213,http://www.wikidata.org/entity/Q2066520,landscape painter
Joseph Wright of Derby,-0.279,http://www.wikidata.org/entity/Q214062,landscape painter
landscape art,-0.319,http://www.wikidata.org/entity/Q191163,landscape painter
John Martin,-0.447,http://www.wikidata.org/entity/Q937096,landscape painter
Serena Williams,0.778,http://www.wikidata.org/entity/Q11459,tennis player
Venus Williams,0.578,http://www.wikidata.org/entity/Q11578,tennis player
John McEnroe,0.452,http://www.wikidata.org/entity/Q16474,tennis player
Andre Agassi,0.375,http://www.wikidata.org/entity/Q7407,tennis player
Rafael Nadal,0.326,http://www.wikidata.org/entity/Q10132,tennis player
Roger Federer,0.317,http://www.wikidata.org/entity/Q1426,tennis player
Anna Kournikova,0.098,http://www.wikidata.org/entity/Q131120,tennis player
Novak Djokovic,0.0,http://www.wikidata.org/entity/Q5812,tennis player
Maria Sharapova,0.0,http://www.wikidata.org/entity/Q11666,tennis player
Steffi Graf,0.0,http://www.wikidata.org/entity/Q11662,tennis player
Boris Becker,-0.021,http://www.wikidata.org/entity/Q76334,tennis player
Andy Murray,-0.081,http://www.wikidata.org/entity/Q10125,tennis player
Daniil Medvedev,-0.25,http://www.wikidata.org/entity/Q21622022,tennis player
Marat Safin,-0.385,http://www.wikidata.org/entity/Q133318,tennis player
Alexander Zverev,-0.5,http://www.wikidata.org/entity/Q13990552,tennis player
George VI,-0.974,http://www.wikidata.org/entity/Q280856,tennis player
Steve Wozniak,0.837,http://www.wikidata.org/entity/Q483382,programmer
Bill Gates,0.5,http://www.wikidata.org/entity/Q5284,programmer
Mark Zuckerberg,0.429,http://www.wikidata.org/entity/Q36215,programmer
Jack Dorsey,0.268,http://www.wikidata.org/entity/Q335552,programmer
Elon Musk,0.22,http://www.wikidata.org/entity/Q317521,programmer
Paul G. Allen,0.182,http://www.wikidata.org/entity/Q162005,programmer
Satoshi Nakamoto,0.067,http://www.wikidata.org/entity/Q13382352,programmer
Ilya Segalovich,0.022,http://www.wikidata.org/entity/Q4412749,programmer
Markus Persson,-0.064,http://www.wikidata.org/entity/Q266224,programmer
Vitalik Buterin,-0.104,http://www.wikidata.org/entity/Q16197959,programmer
Julian Assange,-0.14,http://www.wikidata.org/entity/Q360,programmer
Aleksandr Tsoi,-0.231,http://www.wikidata.org/entity/Q28482308,programmer
Eugen Rochko,-0.244,http://www.wikidata.org/entity/Q64876086,programmer
Ada Lovelace,-0.455,http://www.wikidata.org/entity/Q7259,programmer
application programming interface,-0.698,http://www.wikidata.org/entity/Q165194,programmer
The Godfather Part II,0.927,http://www.wikidata.org/entity/Q184768,crime film
The Godfather,0.905,http://www.wikidata.org/entity/Q47703,crime film
Murder on the Orient Express,0.49,http://www.wikidata.org/entity/Q27689100,crime film
Glass Onion: A Knives Out Mystery,0.438,http://www.wikidata.org/entity/Q84712797,crime film
Death on the Nile,0.378,http://www.wikidata.org/entity/Q56816969,crime film
Knives Out,0.355,http://www.wikidata.org/entity/Q57982486,crime film
The Gentlemen,0.263,http://www.wikidata.org/entity/Q60614686,crime film
Casino Royale,0.24,http://www.wikidata.org/entity/Q151904,crime film
The Dark Knight,0.152,http://www.wikidata.org/entity/Q163872,crime film
Once Upon a Time in Hollywood,0.075,http://www.wikidata.org/entity/Q47300912,crime film
Red Dragon,0.0,http://www.wikidata.org/entity/Q9125658,crime film
Kingsman: The Golden Circle,-0.023,http://www.wikidata.org/entity/Q23780457,crime film
Amsterdam,-0.196,http://www.wikidata.org/entity/Q104830968,crime film
Batgirl,-0.471,http://www.wikidata.org/entity/Q109860581,crime film
Inventing Anna,-0.472,http://www.wikidata.org/entity/Q82396632,crime film
The Crown,-0.619,http://www.wikidata.org/entity/Q20707362,crime film
Brother 2,-0.725,http://www.wikidata.org/entity/Q1528731,crime film
Colin Farrell,-0.946,http://www.wikidata.org/entity/Q172035,crime film
Johann Wolfgang von Goethe,0.61,http://www.wikidata.org/entity/Q5879,painter
Viktor Tsoi,0.548,http://www.wikidata.org/entity/Q487125,painter
Andrey Myagkov,0.5,http://www.wikidata.org/entity/Q502651,painter
Katherine García,0.311,http://www.wikidata.org/entity/Q3297825,painter
Alexandra Feodorovna (Alix of Hesse),0.306,http://www.wikidata.org/entity/Q152094,painter
Maria Feodorovna (Dagmar of Denmark),0.289,http://www.wikidata.org/entity/Q153601,painter
Sarah Chatto,0.282,http://www.wikidata.org/entity/Q1040807,painter
John Lennon,0.025,http://www.wikidata.org/entity/Q1203,painter
"Albert, Prince Consort",-0.022,http://www.wikidata.org/entity/Q152245,painter
Wilhelm II,-0.095,http://www.wikidata.org/entity/Q2677,painter
"Victoria, Princess Royal",-0.133,http://www.wikidata.org/entity/Q116728,painter
George W. Bush,-0.205,http://www.wikidata.org/entity/Q207,painter
Viggo Mortensen,-0.225,http://www.wikidata.org/entity/Q171363,painter
Grimes,-0.25,http://www.wikidata.org/entity/Q117970,painter
Kurt Cobain,-0.256,http://www.wikidata.org/entity/Q8446,painter
Paul McCartney,-0.4,http://www.wikidata.org/entity/Q2599,painter
Jared Leto,-0.452,http://www.wikidata.org/entity/Q484523,painter
Freddie Mercury,-0.512,http://www.wikidata.org/entity/Q15869,painter
Avengers: Endgame,0.587,http://www.wikidata.org/entity/Q23781155,adventure film
Avatar: The Way of Water,0.571,http://www.wikidata.org/entity/Q3604746,adventure film
Spider-Man: No Way Home,0.404,http://www.wikidata.org/entity/Q68934496,adventure film
Harry Potter and the Philosopher's Stone,0.243,http://www.wikidata.org/entity/Q102438,adventure film
Guardians of the Galaxy Vol. 3,0.195,http://www.wikidata.org/entity/Q29226331,adventure film
Thor: Love and Thunder,0.159,http://www.wikidata.org/entity/Q65768604,adventure film
Jurassic World Dominion,0.125,http://www.wikidata.org/entity/Q55178974,adventure film
Fantastic Beasts: The Secrets of Dumbledore,0.083,http://www.wikidata.org/entity/Q18199332,adventure film
Doctor Strange in the Multiverse of Madness,0.025,http://www.wikidata.org/entity/Q64211112,adventure film
The Marvels,0.0,http://www.wikidata.org/entity/Q89474225,adventure film
The King's Man,-0.024,http://www.wikidata.org/entity/Q61633664,adventure film
Black Adam,-0.18,http://www.wikidata.org/entity/Q28657013,adventure film
Fantastic Beasts: The Crimes of Grindelwald,-0.186,http://www.wikidata.org/entity/Q18199331,adventure film
Eternals,-0.459,http://www.wikidata.org/entity/Q23894629,adventure film
Johnny Depp,-0.892,http://www.wikidata.org/entity/Q37175,adventure film
Frozen II,0.853,http://www.wikidata.org/entity/Q24733929,animated film
Minions: The Rise of Gru,0.65,http://www.wikidata.org/entity/Q60997779,animated film
Spider-Man: Into the Spider-Verse,0.561,http://www.wikidata.org/entity/Q29588607,animated film
Puss in Boots: The Last Wish,0.511,http://www.wikidata.org/entity/Q31271384,animated film
The Grinch,0.357,http://www.wikidata.org/entity/Q15632949,animated film
Despicable Me 2,0.275,http://www.wikidata.org/entity/Q637212,animated film
DC League of Super-Pets,0.256,http://www.wikidata.org/entity/Q106953528,animated film
Hotel Transylvania: Transformania,0.135,http://www.wikidata.org/entity/Q65973230,animated film
Sing 2,0.073,http://www.wikidata.org/entity/Q30933418,animated film
DreamWorks Animation,-0.024,http://www.wikidata.org/entity/Q500088,animated film
Walt Disney Animation Studios,-0.067,http://www.wikidata.org/entity/Q1047410,animated film
Walt Disney,-0.1,http://www.wikidata.org/entity/Q8704,animated film
Turning Red,-0.182,http://www.wikidata.org/entity/Q104845027,animated film
The Bad Guys,-0.205,http://www.wikidata.org/entity/Q97288428,animated film
Studio Ghibli,-0.216,http://www.wikidata.org/entity/Q182950,animated film
Star Wars: The Clone Wars,-0.263,http://www.wikidata.org/entity/Q382289,animated film
The Addams Family,-0.333,http://www.wikidata.org/entity/Q54825652,animated film
Kvartal 95,-0.465,http://www.wikidata.org/entity/Q4444575,animated film
Star Trek: Prodigy,-0.513,http://www.wikidata.org/entity/Q65250765,animated film
Clancy Brown,-0.519,http://www.wikidata.org/entity/Q4488,animated film
God of War: Chains of Olympus,0.638,http://www.wikidata.org/entity/Q1341921,action game
Counter-Strike: Global Offensive,0.553,http://www.wikidata.org/entity/Q842146,action game
Doom 3,0.509,http://www.wikidata.org/entity/Q203310,action game
Metal Gear Rising: Revengeance,0.415,http://www.wikidata.org/entity/Q930345,action game
Resident Evil Village,0.256,http://www.wikidata.org/entity/Q96216515,action game
Return to Castle Wolfenstein,0.146,http://www.wikidata.org/entity/Q748317,action game
Bayonetta,0.1,http://www.wikidata.org/entity/Q791569,action game
S.T.A.L.K.E.R. 2: Heart of Chornobyl,0.089,http://www.wikidata.org/entity/Q10865101,action game
Dota 2,0.0,http://www.wikidata.org/entity/Q771541,action game
The Last of Us Part II,-0.07,http://www.wikidata.org/entity/Q27950674,action game
Suicide Squad: Kill The Justice League,-0.079,http://www.wikidata.org/entity/Q98142979,action game
Kingdom Hearts,-0.159,http://www.wikidata.org/entity/Q755167,action game
Death Stranding,-0.217,http://www.wikidata.org/entity/Q24666782,action game
action-adventure game,-0.226,http://www.wikidata.org/entity/Q343568,action game
action role-playing game,-0.333,http://www.wikidata.org/entity/Q1422746,action game
Ratchet & Clank: Rift Apart,-0.395,http://www.wikidata.org/entity/Q96217480,action game
survival game,-0.465,http://www.wikidata.org/entity/Q21030988,action game
Barry Bonds,0.911,http://www.wikidata.org/entity/Q314712,athlete
Tyson Fury,0.568,http://www.wikidata.org/entity/Q1000592,athlete
Ronda Rousey,0.511,http://www.wikidata.org/entity/Q242201,athlete
Toni Schumacher,0.341,http://www.wikidata.org/entity/Q157847,athlete
Vladimir Turchinsky,0.095,http://www.wikidata.org/entity/Q2416148,athlete
Brandon Curry,0.024,http://www.wikidata.org/entity/Q4956829,athlete
Joey Kelly,0.0,http://www.wikidata.org/entity/Q1548144,athlete
Gustav Schwarzenegger,-0.042,http://www.wikidata.org/entity/Q3288486,athlete
Dave Bautista,-0.05,http://www.wikidata.org/entity/Q44158,athlete
Nikolai Fomenko,-0.064,http://www.wikidata.org/entity/Q380407,athlete
Jet Li,-0.065,http://www.wikidata.org/entity/Q159577,athlete
Kevin Peter Hall,-0.1,http://www.wikidata.org/entity/Q361587,athlete
Wladimir Klitschko,-0.122,http://www.wikidata.org/entity/Q18797,athlete
Oleg Taktarov,-0.182,http://www.wikidata.org/entity/Q714669,athlete
Katerina Tikhonova,-0.262,http://www.wikidata.org/entity/Q19364345,athlete
Raymond van Barneveld,-0.326,http://www.wikidata.org/entity/Q1968959,athlete
Polina Iodis,-0.436,http://www.wikidata.org/entity/Q4202684,athlete
Total War: Three Kingdoms,0.75,http://www.wikidata.org/entity/Q48928832,strategy video game
Total War Saga: Thrones of Britannia,0.568,http://www.wikidata.org/entity/Q52239827,strategy video game
Clash of Clans,0.524,http://www.wikidata.org/entity/Q13399098,strategy video game
World of Tanks Blitz,0.385,http://www.wikidata.org/entity/Q16273519,strategy video game
"Warhammer 40,000: Dawn of War III",0.326,http://www.wikidata.org/entity/Q24032098,strategy video game
Mount & Blade II: Bannerlord,0.162,http://www.wikidata.org/entity/Q18361009,strategy video game
Clash Royale,0.136,http://www.wikidata.org/entity/Q22095476,strategy video game
Empire of Sin,0.0,http://www.wikidata.org/entity/Q64945366,strategy video game
UFO: Enemy Unknown,-0.026,http://www.wikidata.org/entity/Q1261715,strategy video game
Neighbours from Hell,-0.06,http://www.wikidata.org/entity/Q905308,strategy video game
Sid Meier's Pirates!,-0.089,http://www.wikidata.org/entity/Q2096756,strategy video game
Honkai: Star Rail,-0.095,http://www.wikidata.org/entity/Q108896777,strategy video game
X-COM,-0.235,http://www.wikidata.org/entity/Q578544,strategy video game
Neighbours from Hell 2: On Vacation,-0.359,http://www.wikidata.org/entity/Q684690,strategy video game
real-time strategy,-0.385,http://www.wikidata.org/entity/Q208189,strategy video game
Tamagotchi,-0.426,http://www.wikidata.org/entity/Q207786,strategy video game
Worms,-0.444,http://www.wikidata.org/entity/Q7903060,strategy video game
4X,-0.512,http://www.wikidata.org/entity/Q603555,strategy video game
Kemal Kılıçdaroğlu,0.562,http://www.wikidata.org/entity/Q44332,Turks
Turkic peoples,0.558,http://www.wikidata.org/entity/Q83328,Turks
Bahaeddin Şakir,0.5,http://www.wikidata.org/entity/Q2616976,Turks
Mesut Özil,0.5,http://www.wikidata.org/entity/Q83488,Turks
Turkish diaspora,0.222,http://www.wikidata.org/entity/Q1796235,Turks
Turkey,0.22,http://www.wikidata.org/entity/Q43,Turks
Turkish,0.114,http://www.wikidata.org/entity/Q256,Turks
Turks in Germany,0.105,http://www.wikidata.org/entity/Q704608,Turks
Bibras Natcho,-0.186,http://www.wikidata.org/entity/Q559910,Turks
The Turk,-0.214,http://www.wikidata.org/entity/Q275924,Turks
2016 Turkish coup d'état attempt,-0.324,http://www.wikidata.org/entity/Q25906338,Turks
Karamanlides,-0.326,http://www.wikidata.org/entity/Q252692,Turks
Asian people,-0.531,http://www.wikidata.org/entity/Q4058325,Turks
Germany,-0.804,http://www.wikidata.org/entity/Q183,Turks
Law & Order: Special Victims Unit,0.705,http://www.wikidata.org/entity/Q218567,crime television series
The Sopranos,0.703,http://www.wikidata.org/entity/Q23628,crime television series
Law & Order,0.6,http://www.wikidata.org/entity/Q321423,crime television series
Criminal Minds,0.523,http://www.wikidata.org/entity/Q202141,crime television series
True Detective,0.478,http://www.wikidata.org/entity/Q7847400,crime television series
NCIS,0.429,http://www.wikidata.org/entity/Q4525,crime television series
Breaking Bad,0.388,http://www.wikidata.org/entity/Q1079,crime television series
Columbo,0.225,http://www.wikidata.org/entity/Q371207,crime television series
Dahmer – Monster: The Jeffrey Dahmer Story,0.119,http://www.wikidata.org/entity/Q106188426,crime television series
The Blacklist,0.091,http://www.wikidata.org/entity/Q13148212,crime television series
Fargo,0.081,http://www.wikidata.org/entity/Q15931555,crime television series
The Boys,-0.297,http://www.wikidata.org/entity/Q48796994,crime television series
Twin Peaks,-0.351,http://www.wikidata.org/entity/Q2085,crime television series
Brigada,-0.408,http://www.wikidata.org/entity/Q915313,crime television series
Chikatilo,-0.477,http://www.wikidata.org/entity/Q105668766,crime television series
Die Rosenheim-Cops,-0.5,http://www.wikidata.org/entity/Q1215825,crime television series
Wednesday,-0.683,http://www.wikidata.org/entity/Q105553568,crime television series
Tatort,-0.694,http://www.wikidata.org/entity/Q689438,crime television series
Dr. Dre,0.974,http://www.wikidata.org/entity/Q6078,rapper
Tupac Shakur,0.947,http://www.wikidata.org/entity/Q6107,rapper
The Notorious B.I.G.,0.667,http://www.wikidata.org/entity/Q179157,rapper
Machine Gun Kelly,0.632,http://www.wikidata.org/entity/Q1354843,rapper
Kanye West,0.421,http://www.wikidata.org/entity/Q15935,rapper
J-Hope,0.227,http://www.wikidata.org/entity/Q16236223,rapper
Offset,0.167,http://www.wikidata.org/entity/Q30612480,rapper
Takeoff,0.1,http://www.wikidata.org/entity/Q48719890,rapper
Oxxxymiron,0.045,http://www.wikidata.org/entity/Q4046107,rapper
Jaden Smith,0.0,http://www.wikidata.org/entity/Q221364,rapper
Quavo,-0.057,http://www.wikidata.org/entity/Q30072039,rapper
Eldzhey,-0.143,http://www.wikidata.org/entity/Q47037314,rapper
August Alsina,-0.171,http://www.wikidata.org/entity/Q15277032,rapper
H.P. Baxxter,-0.171,http://www.wikidata.org/entity/Q58049,rapper
Jamie Foxx,-0.186,http://www.wikidata.org/entity/Q171905,rapper
John Cena,-0.204,http://www.wikidata.org/entity/Q44437,rapper
Mark Wahlberg,-0.389,http://www.wikidata.org/entity/Q164119,rapper
Peter Fox,-0.541,http://www.wikidata.org/entity/Q76524,rapper
Shia LaBeouf,-0.615,http://www.wikidata.org/entity/Q180942,rapper
Joaquin Phoenix,-0.786,http://www.wikidata.org/entity/Q185140,rapper
Galileo Galilei,0.889,http://www.wikidata.org/entity/Q307,scientist
Alexander von Humboldt,0.559,http://www.wikidata.org/entity/Q6694,scientist
Sergei Korolev,0.468,http://www.wikidata.org/entity/Q170842,scientist
Mikhail Vassilyevich Lomonosov,0.421,http://www.wikidata.org/entity/Q58720,scientist
Egon Spengler,0.41,http://www.wikidata.org/entity/Q2602422,scientist
Leonardo da Vinci,0.381,http://www.wikidata.org/entity/Q762,scientist
Leonhard Euler,0.289,http://www.wikidata.org/entity/Q7604,scientist
Yury Luzhkov,0.237,http://www.wikidata.org/entity/Q156379,scientist
Max Born,0.189,http://www.wikidata.org/entity/Q58978,scientist
Lionel Logue,0.173,http://www.wikidata.org/entity/Q439693,scientist
Valentina Tazekenova,0.026,http://www.wikidata.org/entity/Q61585334,scientist
scientific method,-0.293,http://www.wikidata.org/entity/Q46857,scientist
Operation Paperclip,-0.31,http://www.wikidata.org/entity/Q444698,scientist
"Frankenstein; or, The Modern Prometheus",-0.311,http://www.wikidata.org/entity/Q150827,scientist
Zack Snyder,-0.34,http://www.wikidata.org/entity/Q139890,scientist
Thirteenth Doctor,-0.367,http://www.wikidata.org/entity/Q33085422,scientist
science,-0.5,http://www.wikidata.org/entity/Q336,scientist
The Doctor,-0.526,http://www.wikidata.org/entity/Q34358,scientist
Spider-Man,-0.78,http://www.wikidata.org/entity/Q79037,scientist
Will Smith–Chris Rock slapping incident,0.714,http://www.wikidata.org/entity/Q111411145,Internet meme
Chuck Norris facts,0.625,http://www.wikidata.org/entity/Q937633,Internet meme
Pepe the Frog,0.512,http://www.wikidata.org/entity/Q21994166,Internet meme
Rickrolling,0.302,http://www.wikidata.org/entity/Q695677,Internet meme
"Russian warship, go fuck yourself",0.244,http://www.wikidata.org/entity/Q111019657,Internet meme
Doge,0.191,http://www.wikidata.org/entity/Q15613810,Internet meme
Mandela Effect,0.156,http://www.wikidata.org/entity/Q54765858,Internet meme
Chuck Norris,0.116,http://www.wikidata.org/entity/Q2673,Internet meme
@world_record_egg,0.0,http://www.wikidata.org/entity/Q60621480,Internet meme
Floppa,0.0,http://www.wikidata.org/entity/Q107162754,Internet meme
shock site,-0.064,http://www.wikidata.org/entity/Q1071902,Internet meme
alt-right,-0.214,http://www.wikidata.org/entity/Q23018230,Internet meme
Morbius,-0.225,http://www.wikidata.org/entity/Q55405369,Internet meme
list of Internet phenomena,-0.302,http://www.wikidata.org/entity/Q6023923,Internet meme
revenge porn,-0.528,http://www.wikidata.org/entity/Q15056789,Internet meme
ahegao,-0.556,http://www.wikidata.org/entity/Q54855979,Internet meme
lean,-0.674,http://www.wikidata.org/entity/Q899641,Internet meme
New York City,0.88,http://www.wikidata.org/entity/Q60,city in the United States
Los Angeles,0.692,http://www.wikidata.org/entity/Q65,city in the United States
"Washington, D.C.",0.659,http://www.wikidata.org/entity/Q61,city in the United States
Miami,0.333,http://www.wikidata.org/entity/Q8652,city in the United States
Boston,0.326,http://www.wikidata.org/entity/Q100,city in the United States
Atlanta,0.294,http://www.wikidata.org/entity/Q23556,city in the United States
San Francisco,0.214,http://www.wikidata.org/entity/Q62,city in the United States
Houston,0.2,http://www.wikidata.org/entity/Q16555,city in the United States
Cincinnati,0.089,http://www.wikidata.org/entity/Q43196,city in the United States
New Orleans,-0.021,http://www.wikidata.org/entity/Q34404,city in the United States
Seattle,-0.136,http://www.wikidata.org/entity/Q5083,city in the United States
Sacramento,-0.244,http://www.wikidata.org/entity/Q18013,city in the United States
Anchorage,-0.487,http://www.wikidata.org/entity/Q39450,city in the United States
Cambridge,-0.577,http://www.wikidata.org/entity/Q49111,city in the United States
Juneau,-0.65,http://www.wikidata.org/entity/Q29445,city in the United States
Palo Alto,-0.65,http://www.wikidata.org/entity/Q47265,city in the United States
Home Alone 4,0.457,http://www.wikidata.org/entity/Q946562,television film
Sharknado 5: Global Swarming,0.425,http://www.wikidata.org/entity/Q34200777,television film
Sherlock Holmes and Dr. Watson,0.409,http://www.wikidata.org/entity/Q2278391,television film
Halloween with the New Addams Family,0.39,http://www.wikidata.org/entity/Q2389865,television film
All Quiet on the Western Front,0.326,http://www.wikidata.org/entity/Q1093673,television film
Werewolf by Night,0.32,http://www.wikidata.org/entity/Q111426635,television film
Blue Lagoon: The Awakening,0.312,http://www.wikidata.org/entity/Q4142279,television film
South Park: Post Covid,0.289,http://www.wikidata.org/entity/Q109297645,television film
The Hound of the Baskervilles,0.267,http://www.wikidata.org/entity/Q1194440,television film
Home Alone: The Holiday Heist,0.243,http://www.wikidata.org/entity/Q1525034,television film
South Park The Streaming Wars,0.231,http://www.wikidata.org/entity/Q112123490,television film
Addams Family Reunion,0.225,http://www.wikidata.org/entity/Q352828,television film
Friends: The Reunion,0.17,http://www.wikidata.org/entity/Q106639064,television film
Harry Potter 20th Anniversary: Return to Hogwarts,0.119,http://www.wikidata.org/entity/Q110207138,television film
"Mary Poppins, Goodbye",0.114,http://www.wikidata.org/entity/Q3736971,television film
For Your Love Only,-0.143,http://www.wikidata.org/entity/Q872548,television film
Descendants,-0.146,http://www.wikidata.org/entity/Q17278086,television film
Hitler: The Rise of Evil,-0.167,http://www.wikidata.org/entity/Q818968,television film
Earwig and the Witch,-0.176,http://www.wikidata.org/entity/Q96031360,television film
Titanic,-0.395,http://www.wikidata.org/entity/Q1426605,television film
Conspiracy,-0.432,http://www.wikidata.org/entity/Q706367,television film
television pilot,-0.483,http://www.wikidata.org/entity/Q653916,television film
Die Wannseekonferenz,-0.514,http://www.wikidata.org/entity/Q109263400,television film
The Wannsee Conference,-0.535,http://www.wikidata.org/entity/Q832471,television film
Museum of Modern Art,0.791,http://www.wikidata.org/entity/Q188740,museum of modern art
MAXXI – National Museum of the 21st Century Arts,0.5,http://www.wikidata.org/entity/Q1881229,museum of modern art
National Museum of Capodimonte,0.432,http://www.wikidata.org/entity/Q290549,museum of modern art
Galleria Palatina,0.286,http://www.wikidata.org/entity/Q866498,museum of modern art
Gallerie dell'Accademia,0.211,http://www.wikidata.org/entity/Q338330,museum of modern art
Peggy Guggenheim Collection,0.154,http://www.wikidata.org/entity/Q1049033,museum of modern art
Moderna Museet,0.05,http://www.wikidata.org/entity/Q1274511,museum of modern art
Pinacoteca di Brera,-0.18,http://www.wikidata.org/entity/Q150066,museum of modern art
Palace of Caserta,-0.217,http://www.wikidata.org/entity/Q327983,museum of modern art
Pitti Palace,-0.273,http://www.wikidata.org/entity/Q29286,museum of modern art
Villa del Balbianello,-0.311,http://www.wikidata.org/entity/Q1759446,museum of modern art
Giardino dei Tarocchi,-0.326,http://www.wikidata.org/entity/Q949846,museum of modern art
Miramare Castle,-0.45,http://www.wikidata.org/entity/Q165069,museum of modern art
Isaac Newton,0.784,http://www.wikidata.org/entity/Q935,English people
George Orwell,0.514,http://www.wikidata.org/entity/Q3335,English people
Daniel Day-Lewis,0.419,http://www.wikidata.org/entity/Q166389,English people
Roger Moore,0.405,http://www.wikidata.org/entity/Q134333,English people
William Blake,0.386,http://www.wikidata.org/entity/Q41513,English people
Lucian Freud,0.182,http://www.wikidata.org/entity/Q154594,English people
Tom Hardy,0.077,http://www.wikidata.org/entity/Q208026,English people
Angel Coulby,-0.024,http://www.wikidata.org/entity/Q254911,English people
Anya Taylor-Joy,-0.051,http://www.wikidata.org/entity/Q20882479,English people
Dr. Livesey,-0.103,http://www.wikidata.org/entity/Q4118056,English people
Harry Potter,-0.133,http://www.wikidata.org/entity/Q3244512,English people
Australia,-0.795,http://www.wikidata.org/entity/Q408,English people
Clint Eastwood,-0.814,http://www.wikidata.org/entity/Q43203,English people
Michelangelo,0.775,http://www.wikidata.org/entity/Q5592,Italians
Sandro Botticelli,0.553,http://www.wikidata.org/entity/Q5669,Italians
Donatello,0.419,http://www.wikidata.org/entity/Q37562,Italians
Francis of Assisi,0.378,http://www.wikidata.org/entity/Q676555,Italians
Dante Gabriel Rossetti,0.37,http://www.wikidata.org/entity/Q186748,Italians
Raphael,0.327,http://www.wikidata.org/entity/Q5597,Italians
Agnelli family,0.231,http://www.wikidata.org/entity/Q21055394,Italians
Caravaggio,0.04,http://www.wikidata.org/entity/Q42207,Italians
Tarcisio Bertone,-0.054,http://www.wikidata.org/entity/Q44383,Italians
Mario,-0.109,http://www.wikidata.org/entity/Q12379,Italians
Michael Imperioli,-0.2,http://www.wikidata.org/entity/Q317358,Italians
Italian cuisine,-0.327,http://www.wikidata.org/entity/Q192786,Italians
Luigi,-0.353,http://www.wikidata.org/entity/Q210593,Italians
Australia,-0.952,http://www.wikidata.org/entity/Q408,Italians
deciduous plant,0.7,http://www.wikidata.org/entity/Q1131316,plant
perennial plant,0.595,http://www.wikidata.org/entity/Q157957,plant
common sunflower,0.55,http://www.wikidata.org/entity/Q171497,plant
evergreen plant,0.514,http://www.wikidata.org/entity/Q190489,plant
Pimpinella anisum,0.439,http://www.wikidata.org/entity/Q28692,plant
flora,0.333,http://www.wikidata.org/entity/Q131449,plant
seed plants,0.289,http://www.wikidata.org/entity/Q25814,plant
botany,0.263,http://www.wikidata.org/entity/Q441,plant
useful plant,0.216,http://www.wikidata.org/entity/Q11992872,plant
list of psychoactive plants,0.061,http://www.wikidata.org/entity/Q3253234,plant
carnivorous plant,0.047,http://www.wikidata.org/entity/Q18240,plant
Amaranthaceae,-0.025,http://www.wikidata.org/entity/Q155931,plant
Tracheophyta,-0.108,http://www.wikidata.org/entity/Q27133,plant
bryophyte,-0.225,http://www.wikidata.org/entity/Q29993,plant
root,-0.25,http://www.wikidata.org/entity/Q41500,plant
flavonoid,-0.326,http://www.wikidata.org/entity/Q3561192,plant
fungus,-0.35,http://www.wikidata.org/entity/Q764,plant
forage,-0.462,http://www.wikidata.org/entity/Q13377214,plant
C4 carbon fixation,-0.65,http://www.wikidata.org/entity/Q283604,plant
elephant,-0.8,http://www.wikidata.org/entity/Q7378,plant
Billie Eilish,0.579,http://www.wikidata.org/entity/Q29564107,BBC 100 Women
Selma Blair,0.378,http://www.wikidata.org/entity/Q264748,BBC 100 Women
Michelle Yeoh,0.373,http://www.wikidata.org/entity/Q214289,BBC 100 Women
Rita Moreno,0.225,http://www.wikidata.org/entity/Q230151,BBC 100 Women
Hilary Swank,0.209,http://www.wikidata.org/entity/Q93187,BBC 100 Women
Priyanka Chopra,0.179,http://www.wikidata.org/entity/Q158957,BBC 100 Women
Jane Fonda,0.154,http://www.wikidata.org/entity/Q41142,BBC 100 Women
Bella Thorne,0.147,http://www.wikidata.org/entity/Q208117,BBC 100 Women
Olena Zelenska,0.089,http://www.wikidata.org/entity/Q59321885,BBC 100 Women
Asha Bhosle,0.024,http://www.wikidata.org/entity/Q38393,BBC 100 Women
Sanna Marin,-0.027,http://www.wikidata.org/entity/Q16986436,BBC 100 Women
Ming-Na Wen,-0.119,http://www.wikidata.org/entity/Q254205,BBC 100 Women
Jameela Jamil,-0.297,http://www.wikidata.org/entity/Q2404977,BBC 100 Women
Ursula von der Leyen,-0.343,http://www.wikidata.org/entity/Q60772,BBC 100 Women
Alla Pugacheva,-0.375,http://www.wikidata.org/entity/Q80510,BBC 100 Women
Sviatlana Tsikhanouskaya,-0.595,http://www.wikidata.org/entity/Q97010473,BBC 100 Women
Avatar,0.846,http://www.wikidata.org/entity/Q24871,3D film
Jurassic World,0.475,http://www.wikidata.org/entity/Q3512046,3D film
Blade Runner 2049,0.356,http://www.wikidata.org/entity/Q21500755,3D film
Guardians of the Galaxy Vol. 2,0.255,http://www.wikidata.org/entity/Q20001199,3D film
Spider-Man: Homecoming,0.179,http://www.wikidata.org/entity/Q23010088,3D film
Aquaman,0.178,http://www.wikidata.org/entity/Q22998395,3D film
Captain America: Civil War,0.125,http://www.wikidata.org/entity/Q18407657,3D film
Harry Potter and the Deathly Hallows – Part 2,0.122,http://www.wikidata.org/entity/Q232009,3D film
Minions: The Rise of Gru,0.042,http://www.wikidata.org/entity/Q60997779,3D film
Star Wars Episode VII: The Force Awakens,0.023,http://www.wikidata.org/entity/Q6074,3D film
Rogue One,-0.024,http://www.wikidata.org/entity/Q19590955,3D film
Pirates of the Caribbean: Dead Men Tell No Tales,-0.098,http://www.wikidata.org/entity/Q10350033,3D film
Fantastic Beasts and Where to Find Them,-0.133,http://www.wikidata.org/entity/Q18199330,3D film
Pirates of the Caribbean: On Stranger Tides,-0.231,http://www.wikidata.org/entity/Q183555,3D film
Fantastic Beasts: The Crimes of Grindelwald,-0.245,http://www.wikidata.org/entity/Q18199331,3D film
Suicide Squad,-0.25,http://www.wikidata.org/entity/Q18604504,3D film
Justice League,-0.286,http://www.wikidata.org/entity/Q20501835,3D film
Furious 7,-0.349,http://www.wikidata.org/entity/Q14650496,3D film
Barack Obama,0.676,http://www.wikidata.org/entity/Q76,African Americans
Denzel Washington,0.522,http://www.wikidata.org/entity/Q42101,African Americans
Serena Williams,0.514,http://www.wikidata.org/entity/Q11459,African Americans
Morgan Freeman,0.417,http://www.wikidata.org/entity/Q48337,African Americans
Venus Williams,0.405,http://www.wikidata.org/entity/Q11578,African Americans
Tupac Shakur,0.2,http://www.wikidata.org/entity/Q6107,African Americans
Jamie Foxx,0.154,http://www.wikidata.org/entity/Q171905,African Americans
Will Smith,0.143,http://www.wikidata.org/entity/Q40096,African Americans
Kamala Harris,0.13,http://www.wikidata.org/entity/Q10853588,African Americans
Michael Jackson,0.075,http://www.wikidata.org/entity/Q2831,African Americans
Kanye West,0.073,http://www.wikidata.org/entity/Q15935,African Americans
Jimi Hendrix,0.0,http://www.wikidata.org/entity/Q5928,African Americans
Jada Pinkett Smith,-0.37,http://www.wikidata.org/entity/Q228787,African Americans
Confederate States,-0.636,http://www.wikidata.org/entity/Q81931,African Americans
United States of America,-0.676,http://www.wikidata.org/entity/Q30,African Americans
Christopher Scarver,-0.714,http://www.wikidata.org/entity/Q2357346,African Americans
Guitar Hero II,0.854,http://www.wikidata.org/entity/Q1798154,music video game
Guitar Hero,0.789,http://www.wikidata.org/entity/Q533752,music video game
Guitar Hero III: Legends of Rock,0.674,http://www.wikidata.org/entity/Q1047938,music video game
Just Dance 2022,0.475,http://www.wikidata.org/entity/Q99477498,music video game
Just Dance,0.357,http://www.wikidata.org/entity/Q1714101,music video game
Just Dance 2020,0.277,http://www.wikidata.org/entity/Q64533003,music video game
Just Dance 2021,0.256,http://www.wikidata.org/entity/Q98657399,music video game
Dance Dance Revolution,0.205,http://www.wikidata.org/entity/Q908392,music video game
Kingdom Hearts: Melody of Memory,0.191,http://www.wikidata.org/entity/Q96603714,music video game
Michael Jackson: The Experience,0.025,http://www.wikidata.org/entity/Q1308224,music video game
PaRappa the Rapper,0.024,http://www.wikidata.org/entity/Q1340462,music video game
Beat Saber,-0.023,http://www.wikidata.org/entity/Q53998035,music video game
Elite Beat Agents,-0.023,http://www.wikidata.org/entity/Q1196429,music video game
SingStar,-0.05,http://www.wikidata.org/entity/Q1502333,music video game
Hatsune Miku: Project DIVA,-0.071,http://www.wikidata.org/entity/Q553201,music video game
Frets on Fire,-0.118,http://www.wikidata.org/entity/Q1362771,music video game
Patapon 3,-0.15,http://www.wikidata.org/entity/Q4046527,music video game
Patapon 2,-0.385,http://www.wikidata.org/entity/Q2671323,music video game
To be on Top,-0.39,http://www.wikidata.org/entity/Q31837535,music video game
rhythm game,-0.487,http://www.wikidata.org/entity/Q2632782,music video game
Space Channel 5,-0.558,http://www.wikidata.org/entity/Q66058371,music video game
Sayonara Wild Hearts,-0.659,http://www.wikidata.org/entity/Q76122450,music video game
osu!,-0.727,http://www.wikidata.org/entity/Q307441,music video game
Paul McCartney,0.556,http://www.wikidata.org/entity/Q2599,guitarist
Chris Cornell,0.535,http://www.wikidata.org/entity/Q270935,guitarist
Tommy Lee,0.531,http://www.wikidata.org/entity/Q331748,guitarist
John Lennon,0.413,http://www.wikidata.org/entity/Q1203,guitarist
Chris Martin,0.37,http://www.wikidata.org/entity/Q712860,guitarist
Taylor Swift,0.348,http://www.wikidata.org/entity/Q26876,guitarist
Freddie Mercury,0.179,http://www.wikidata.org/entity/Q15869,guitarist
Paul Landers,0.132,http://www.wikidata.org/entity/Q165644,guitarist
Tom Kaulitz,0.1,http://www.wikidata.org/entity/Q1622098,guitarist
Yegor Letov,-0.026,http://www.wikidata.org/entity/Q363371,guitarist
Jared Leto,-0.05,http://www.wikidata.org/entity/Q484523,guitarist
Sergey Bezrukov,-0.062,http://www.wikidata.org/entity/Q473580,guitarist
Harry Styles,-0.075,http://www.wikidata.org/entity/Q3626966,guitarist
Pavel Maykov,-0.085,http://www.wikidata.org/entity/Q3656891,guitarist
Richard Kruspe,-0.1,http://www.wikidata.org/entity/Q77040,guitarist
Jesse Plemons,-0.111,http://www.wikidata.org/entity/Q1138674,guitarist
Paul Bettany,-0.17,http://www.wikidata.org/entity/Q242707,guitarist
Viktor Tsoi,-0.216,http://www.wikidata.org/entity/Q487125,guitarist
Johnny Depp,-0.256,http://www.wikidata.org/entity/Q37175,guitarist
Shura Bi-2,-0.318,http://www.wikidata.org/entity/Q4527923,guitarist
Adam Sandler,-0.413,http://www.wikidata.org/entity/Q132952,guitarist
River Phoenix,-0.514,http://www.wikidata.org/entity/Q106514,guitarist
National Lampoon's Christmas Vacation,0.872,http://www.wikidata.org/entity/Q1421476,Christmas film
The Santa Clauses,0.822,http://www.wikidata.org/entity/Q111947838,Christmas film
Dr. Seuss' How the Grinch Stole Christmas,0.744,http://www.wikidata.org/entity/Q131864,Christmas film
Home Alone,0.717,http://www.wikidata.org/entity/Q105031,Christmas film
Home Alone 3,0.308,http://www.wikidata.org/entity/Q382320,Christmas film
The Guardians of the Galaxy Holiday Special,0.24,http://www.wikidata.org/entity/Q106729096,Christmas film
Home Alone 2: Lost in New York,0.231,http://www.wikidata.org/entity/Q221202,Christmas film
Home Alone 4,0.19,http://www.wikidata.org/entity/Q946562,Christmas film
Die Hard,0.174,http://www.wikidata.org/entity/Q105598,Christmas film
Love Actually,0.05,http://www.wikidata.org/entity/Q190588,Christmas film
Edward Scissorhands,-0.158,http://www.wikidata.org/entity/Q217182,Christmas film
Three Nuts for Cinderella,-0.178,http://www.wikidata.org/entity/Q140447,Christmas film
Die Hard 2,-0.349,http://www.wikidata.org/entity/Q105993,Christmas film
Batman Returns,-0.368,http://www.wikidata.org/entity/Q189054,Christmas film
Silver Linings Playbook,-0.472,http://www.wikidata.org/entity/Q116845,Christmas film
Eyes Wide Shut,-0.525,http://www.wikidata.org/entity/Q209481,Christmas film
Shazam!,-0.541,http://www.wikidata.org/entity/Q23685878,Christmas film
On Her Majesty's Secret Service,-0.561,http://www.wikidata.org/entity/Q107894,Christmas film
Kennedy Center Honors,-0.82,http://www.wikidata.org/entity/Q1738793,Christmas film
Mount Everest,0.957,http://www.wikidata.org/entity/Q513,mountain
Mount Vesuvius,0.59,http://www.wikidata.org/entity/Q524,mountain
Mount Athos,0.452,http://www.wikidata.org/entity/Q130321,mountain
Mount Elbrus,0.405,http://www.wikidata.org/entity/Q43105,mountain
Mont Blanc,0.378,http://www.wikidata.org/entity/Q583,mountain
Denali,0.317,http://www.wikidata.org/entity/Q130018,mountain
Tambora,0.271,http://www.wikidata.org/entity/Q168714,mountain
K2,0.205,http://www.wikidata.org/entity/Q43512,mountain
Seven Summits,0.091,http://www.wikidata.org/entity/Q208126,mountain
Nanga Parbat,0.056,http://www.wikidata.org/entity/Q130736,mountain
Puncak Jaya,0.026,http://www.wikidata.org/entity/Q1045888,mountain
Aconcagua,0.022,http://www.wikidata.org/entity/Q39739,mountain
Panthera uncia,-0.268,http://www.wikidata.org/entity/Q30197,mountain
Monte Carlo,-0.389,http://www.wikidata.org/entity/Q45240,mountain
Montana,-0.476,http://www.wikidata.org/entity/Q1212,mountain
stratovolcano,-0.528,http://www.wikidata.org/entity/Q169358,mountain
Dufourspitze,-0.59,http://www.wikidata.org/entity/Q3403,mountain
Mona Lisa,-0.911,http://www.wikidata.org/entity/Q12418,mountain
Richard Wagner,0.806,http://www.wikidata.org/entity/Q1511,pianist
Alla Pugacheva,0.476,http://www.wikidata.org/entity/Q80510,pianist
Paul McCartney,0.405,http://www.wikidata.org/entity/Q2599,pianist
John Lennon,0.286,http://www.wikidata.org/entity/Q1203,pianist
Sergey Kuznetsov,0.262,http://www.wikidata.org/entity/Q4245064,pianist
Freddie Mercury,0.205,http://www.wikidata.org/entity/Q15869,pianist
Tom Kaulitz,0.154,http://www.wikidata.org/entity/Q1622098,pianist
Brian May,0.132,http://www.wikidata.org/entity/Q15873,pianist
David Bowie,0.085,http://www.wikidata.org/entity/Q5383,pianist
Chris Cornell,-0.061,http://www.wikidata.org/entity/Q270935,pianist
Taylor Swift,-0.2,http://www.wikidata.org/entity/Q26876,pianist
Jamie Foxx,-0.206,http://www.wikidata.org/entity/Q171905,pianist
Lenny Kravitz,-0.211,http://www.wikidata.org/entity/Q180224,pianist
Jon Bon Jovi,-0.25,http://www.wikidata.org/entity/Q150916,pianist
Jared Leto,-0.275,http://www.wikidata.org/entity/Q484523,pianist
Flea,-0.579,http://www.wikidata.org/entity/Q202859,pianist
Benedict XVI,-0.676,http://www.wikidata.org/entity/Q2494,pianist
Stephen King,0.929,http://www.wikidata.org/entity/Q39829,horror literature
Bram Stoker,0.667,http://www.wikidata.org/entity/Q36184,horror literature
R. L. Stine,0.463,http://www.wikidata.org/entity/Q333123,horror literature
The Call of Cthulhu,0.345,http://www.wikidata.org/entity/Q1141815,horror literature
H. P. Lovecraft,0.263,http://www.wikidata.org/entity/Q169566,horror literature
Anne Rice,0.179,http://www.wikidata.org/entity/Q184785,horror literature
Four Past Midnight,0.049,http://www.wikidata.org/entity/Q2344221,horror literature
Tabitha King,-0.049,http://www.wikidata.org/entity/Q284287,horror literature
Ray Bradbury,-0.103,http://www.wikidata.org/entity/Q40640,horror literature
Neil Gaiman,-0.175,http://www.wikidata.org/entity/Q210059,horror literature
Max Brooks,-0.19,http://www.wikidata.org/entity/Q28170,horror literature
Chuck Palahniuk,-0.205,http://www.wikidata.org/entity/Q268181,horror literature
Roald Dahl,-0.31,http://www.wikidata.org/entity/Q25161,horror literature
Wolfgang Hohlbein,-0.342,http://www.wikidata.org/entity/Q61994,horror literature
New Watch,-0.514,http://www.wikidata.org/entity/Q4326895,horror literature
Gothic literature,-0.526,http://www.wikidata.org/entity/Q19715429,horror literature
Friends,0.881,http://www.wikidata.org/entity/Q79784,comedy television series
The Simpsons,0.789,http://www.wikidata.org/entity/Q886,comedy television series
Shameless,0.421,http://www.wikidata.org/entity/Q23599,comedy television series
Jackass,0.297,http://www.wikidata.org/entity/Q465616,comedy television series
Only Murders in the Building,0.095,http://www.wikidata.org/entity/Q104007235,comedy television series
The Fall Guy,0.091,http://www.wikidata.org/entity/Q2659146,comedy television series
Ms. Marvel,0.029,http://www.wikidata.org/entity/Q84712813,comedy television series
Wednesday,0.023,http://www.wikidata.org/entity/Q105553568,comedy television series
Star Trek: Lower Decks,-0.051,http://www.wikidata.org/entity/Q62573569,comedy television series
Peacemaker,-0.07,http://www.wikidata.org/entity/Q101089777,comedy television series
The Transformers,-0.077,http://www.wikidata.org/entity/Q602883,comedy television series
sitcom,-0.103,http://www.wikidata.org/entity/Q170238,comedy television series
Big Little Lies,-0.184,http://www.wikidata.org/entity/Q19873404,comedy television series
Star Wars: The Clone Wars,-0.316,http://www.wikidata.org/entity/Q632672,comedy television series
Star Trek: Prodigy,-0.333,http://www.wikidata.org/entity/Q65250765,comedy television series
Supernatural,-0.45,http://www.wikidata.org/entity/Q130585,comedy television series
Kitchen,-0.515,http://www.wikidata.org/entity/Q4249828,comedy television series
Alexander Hamilton,0.657,http://www.wikidata.org/entity/Q178903,economist
Viktor Yushchenko,0.511,http://www.wikidata.org/entity/Q1459699,economist
Mikhail Mishustin,0.317,http://www.wikidata.org/entity/Q4298520,economist
Viktor Yanukovych,0.237,http://www.wikidata.org/entity/Q1459658,economist
Petro Poroshenko,0.205,http://www.wikidata.org/entity/Q58077,economist
Leonid Kravchuk,0.18,http://www.wikidata.org/entity/Q189732,economist
Jens Stoltenberg,0.1,http://www.wikidata.org/entity/Q57665,economist
Yulia Tymoshenko,0.028,http://www.wikidata.org/entity/Q48283,economist
Lutz Graf Schwerin von Krosigk,-0.028,http://www.wikidata.org/entity/Q57136,economist
Sergey Shoygu,-0.043,http://www.wikidata.org/entity/Q32024,economist
Helmut Schmidt,-0.048,http://www.wikidata.org/entity/Q2516,economist
Oleksandr Turchynov,-0.071,http://www.wikidata.org/entity/Q15850,economist
Eduardo Saverin,-0.19,http://www.wikidata.org/entity/Q312663,economist
Olena Kravets,-0.237,http://www.wikidata.org/entity/Q4237277,economist
Mikhail Gorbachev,-0.265,http://www.wikidata.org/entity/Q30487,economist
Rinat Akhmetov,-0.293,http://www.wikidata.org/entity/Q60805,economist
Joseph P. Kennedy Sr.,-0.297,http://www.wikidata.org/entity/Q313696,economist
Chariots of Fire,0.6,http://www.wikidata.org/entity/Q207921,sport film
Moneyball,0.541,http://www.wikidata.org/entity/Q221820,sport film
Days of Thunder,0.5,http://www.wikidata.org/entity/Q603696,sport film
Winning Time: The Rise of the Lakers Dynasty,0.4,http://www.wikidata.org/entity/Q106322463,sport film
Space Jam: A New Legacy,0.267,http://www.wikidata.org/entity/Q56850065,sport film
Champion of the World,0.067,http://www.wikidata.org/entity/Q65154506,sport film
King Richard,0.024,http://www.wikidata.org/entity/Q84203429,sport film
The Cannonball Run,0.022,http://www.wikidata.org/entity/Q759359,sport film
Hustle,-0.019,http://www.wikidata.org/entity/Q103377646,sport film
Rush,-0.049,http://www.wikidata.org/entity/Q1768437,sport film
Jerry Maguire,-0.051,http://www.wikidata.org/entity/Q329131,sport film
Foxcatcher,-0.054,http://www.wikidata.org/entity/Q5477105,sport film
Fighting with My Family,-0.216,http://www.wikidata.org/entity/Q28840410,sport film
Point Break,-0.225,http://www.wikidata.org/entity/Q1146552,sport film
The Queen's Gambit,-0.311,http://www.wikidata.org/entity/Q85808226,sport film
Ice 2,-0.317,http://www.wikidata.org/entity/Q63842704,sport film
Jackass 3D,-0.319,http://www.wikidata.org/entity/Q1066098,sport film
Dangal,-0.405,http://www.wikidata.org/entity/Q20762668,sport film
NBA 2K,0.682,http://www.wikidata.org/entity/Q512849,sports video game
FIFA 23,0.551,http://www.wikidata.org/entity/Q107486489,sports video game
Tony Hawk's Pro Skater 1 + 2,0.545,http://www.wikidata.org/entity/Q94587084,sports video game
Tony Hawk's Pro Skater 4,0.457,http://www.wikidata.org/entity/Q1512956,sports video game
Tony Hawk's Pro Skater 2,0.333,http://www.wikidata.org/entity/Q1538485,sports video game
Tony Hawk's Pro Skater 3,0.308,http://www.wikidata.org/entity/Q1463730,sports video game
Wii Sports,0.238,http://www.wikidata.org/entity/Q71936,sports video game
Tony Hawk's,0.208,http://www.wikidata.org/entity/Q1189289,sports video game
Wii Sports Resort,0.19,http://www.wikidata.org/entity/Q1135241,sports video game
Tennis for Two,0.089,http://www.wikidata.org/entity/Q858294,sports video game
AEW Fight Forever,-0.049,http://www.wikidata.org/entity/Q111844850,sports video game
Football Limited,-0.103,http://www.wikidata.org/entity/Q672418,sports video game
Mario Strikers: Battle League,-0.136,http://www.wikidata.org/entity/Q110876089,sports video game
PainStation,-0.208,http://www.wikidata.org/entity/Q1282807,sports video game
racing video game,-0.226,http://www.wikidata.org/entity/Q860750,sports video game
Pong,-0.486,http://www.wikidata.org/entity/Q216293,sports video game
Pyre,-0.531,http://www.wikidata.org/entity/Q23947160,sports video game
Mario,-0.6,http://www.wikidata.org/entity/Q4803535,sports video game
Star Trek: The Original Series,0.81,http://www.wikidata.org/entity/Q1077,science fiction television program
Doctor Who,0.512,http://www.wikidata.org/entity/Q34316,science fiction television program
Star Trek: The Next Generation,0.439,http://www.wikidata.org/entity/Q16290,science fiction television program
Star Trek: Picard,0.316,http://www.wikidata.org/entity/Q62573305,science fiction television program
Star Trek: Discovery,0.3,http://www.wikidata.org/entity/Q21296543,science fiction television program
Stranger Things,0.17,http://www.wikidata.org/entity/Q19798734,science fiction television program
Star Trek: Strange New Worlds,0.162,http://www.wikidata.org/entity/Q94527193,science fiction television program
The Mandalorian,0.128,http://www.wikidata.org/entity/Q56876444,science fiction television program
Westworld,0.111,http://www.wikidata.org/entity/Q17572811,science fiction television program
The Book of Boba Fett,0.048,http://www.wikidata.org/entity/Q104396610,science fiction television program
Dark,-0.234,http://www.wikidata.org/entity/Q28443710,science fiction television program
Obi-Wan Kenobi,-0.238,http://www.wikidata.org/entity/Q104154217,science fiction television program
Ahsoka,-0.25,http://www.wikidata.org/entity/Q104153367,science fiction television program
Lost,-0.262,http://www.wikidata.org/entity/Q23567,science fiction television program
Twin Peaks,-0.537,http://www.wikidata.org/entity/Q2085,science fiction television program
Marvel Cinematic Universe,-0.667,http://www.wikidata.org/entity/Q642878,science fiction television program
Guccio Gucci,0.935,http://www.wikidata.org/entity/Q714126,fashion designer
Aldo Gucci,0.85,http://www.wikidata.org/entity/Q16012440,fashion designer
Jennifer Lopez,0.224,http://www.wikidata.org/entity/Q40715,fashion designer
Heidi Klum,0.174,http://www.wikidata.org/entity/Q60036,fashion designer
Kanye West,0.159,http://www.wikidata.org/entity/Q15935,fashion designer
Kim Kardashian,0.128,http://www.wikidata.org/entity/Q186304,fashion designer
Milla Jovovich,-0.025,http://www.wikidata.org/entity/Q170576,fashion designer
Kylie Jenner,-0.026,http://www.wikidata.org/entity/Q1770624,fashion designer
Kaia Gerber,-0.053,http://www.wikidata.org/entity/Q22673974,fashion designer
Sienna Miller,-0.114,http://www.wikidata.org/entity/Q193458,fashion designer
Hilary Duff,-0.205,http://www.wikidata.org/entity/Q122020,fashion designer
Kourtney Kardashian,-0.205,http://www.wikidata.org/entity/Q575689,fashion designer
Rooney Mara,-0.222,http://www.wikidata.org/entity/Q228766,fashion designer
Bill Kaulitz,-0.238,http://www.wikidata.org/entity/Q155041,fashion designer
Akshata Murty,-0.27,http://www.wikidata.org/entity/Q22997426,fashion designer
Ashley Biden,-0.442,http://www.wikidata.org/entity/Q97588420,fashion designer
New York,0.778,http://www.wikidata.org/entity/Q1384,U.S. state
Florida,0.535,http://www.wikidata.org/entity/Q812,U.S. state
California,0.535,http://www.wikidata.org/entity/Q99,U.S. state
Texas,0.513,http://www.wikidata.org/entity/Q1439,U.S. state
Hawaii,0.391,http://www.wikidata.org/entity/Q782,U.S. state
Georgia,0.317,http://www.wikidata.org/entity/Q1428,U.S. state
Pennsylvania,0.237,http://www.wikidata.org/entity/Q1400,U.S. state
Massachusetts,0.154,http://www.wikidata.org/entity/Q771,U.S. state
Virginia,0.095,http://www.wikidata.org/entity/Q1370,U.S. state
Washington,-0.077,http://www.wikidata.org/entity/Q1223,U.S. state
Kentucky,-0.182,http://www.wikidata.org/entity/Q1603,U.S. state
Alaska,-0.316,http://www.wikidata.org/entity/Q797,U.S. state
Colorado,-0.341,http://www.wikidata.org/entity/Q1261,U.S. state
Wisconsin,-0.439,http://www.wikidata.org/entity/Q1537,U.S. state
Missouri,-0.565,http://www.wikidata.org/entity/Q1581,U.S. state
Wyoming,-0.585,http://www.wikidata.org/entity/Q1214,U.S. state
Montana,-0.618,http://www.wikidata.org/entity/Q1212,U.S. state
Top Gun,0.872,http://www.wikidata.org/entity/Q110138,action film
Top Gun: Maverick,0.605,http://www.wikidata.org/entity/Q31202708,action film
Avengers: Endgame,0.4,http://www.wikidata.org/entity/Q23781155,action film
Spider-Man: No Way Home,0.243,http://www.wikidata.org/entity/Q68934496,action film
Black Panther: Wakanda Forever,0.22,http://www.wikidata.org/entity/Q54860489,action film
Thor: Love and Thunder,0.171,http://www.wikidata.org/entity/Q65768604,action film
Guardians of the Galaxy Vol. 3,0.133,http://www.wikidata.org/entity/Q29226331,action film
Spider-Man: Far from Home,0.086,http://www.wikidata.org/entity/Q27985819,action film
The Batman,0.057,http://www.wikidata.org/entity/Q61117344,action film
No Time to Die,0.024,http://www.wikidata.org/entity/Q21534241,action film
Doctor Strange in the Multiverse of Madness,-0.061,http://www.wikidata.org/entity/Q64211112,action film
Avatar: The Way of Water,-0.093,http://www.wikidata.org/entity/Q3604746,action film
Jurassic World Dominion,-0.158,http://www.wikidata.org/entity/Q55178974,action film
Bullet Train,-0.206,http://www.wikidata.org/entity/Q99900595,action film
The King's Man,-0.293,http://www.wikidata.org/entity/Q61633664,action film
The Marvels,-0.325,http://www.wikidata.org/entity/Q89474225,action film
Eternals,-0.452,http://www.wikidata.org/entity/Q23894629,action film
Marvel Cinematic Universe,-0.641,http://www.wikidata.org/entity/Q642878,action film
Princess Mononoke,0.717,http://www.wikidata.org/entity/Q186572,anime film
Howl's Moving Castle,0.61,http://www.wikidata.org/entity/Q29011,anime film
Castle in the Sky,0.341,http://www.wikidata.org/entity/Q498577,anime film
Demon Slayer: Kimetsu no Yaiba the Movie: Mugen Train,0.275,http://www.wikidata.org/entity/Q96376192,anime film
Spirited Away,0.255,http://www.wikidata.org/entity/Q155653,anime film
Ghost in the Shell,0.244,http://www.wikidata.org/entity/Q1066948,anime film
The End of Evangelion,0.089,http://www.wikidata.org/entity/Q1151814,anime film
Earwig and the Witch,0.075,http://www.wikidata.org/entity/Q96031360,anime film
The Boy and the Heron,0.071,http://www.wikidata.org/entity/Q47482560,anime film
Nausicaä of the Valley of the Wind,0.024,http://www.wikidata.org/entity/Q8885676,anime film
Neon Genesis Evangelion: Death & Rebirth,0.023,http://www.wikidata.org/entity/Q967664,anime film
The Wind Rises,-0.04,http://www.wikidata.org/entity/Q888131,anime film
Evangelion: 3.0+1.0 Thrice Upon a Time,-0.2,http://www.wikidata.org/entity/Q6434144,anime film
Belle,-0.385,http://www.wikidata.org/entity/Q104184744,anime film
anime,-0.385,http://www.wikidata.org/entity/Q1107,anime film
Your Name.,-0.75,http://www.wikidata.org/entity/Q21697406,anime film
Johnny Depp,0.659,http://www.wikidata.org/entity/Q37175,actor
Ryan Reynolds,0.651,http://www.wikidata.org/entity/Q192682,actor
Winona Ryder,0.585,http://www.wikidata.org/entity/Q101797,actor
Tom Holland,0.5,http://www.wikidata.org/entity/Q2023710,actor
Cate Blanchett,0.476,http://www.wikidata.org/entity/Q80966,actor
Jennifer Connelly,0.458,http://www.wikidata.org/entity/Q103343,actor
Olivia Wilde,0.311,http://www.wikidata.org/entity/Q200355,actor
Ralph Fiennes,0.2,http://www.wikidata.org/entity/Q28493,actor
Zendaya,0.152,http://www.wikidata.org/entity/Q189489,actor
Amber Heard,0.14,http://www.wikidata.org/entity/Q229166,actor
Zoë Kravitz,0.104,http://www.wikidata.org/entity/Q227129,actor
Stellan Skarsgård,-0.093,http://www.wikidata.org/entity/Q208667,actor
Talulah Riley,-0.18,http://www.wikidata.org/entity/Q269309,actor
Riley Keough,-0.233,http://www.wikidata.org/entity/Q254947,actor
Vanessa Paradis,-0.278,http://www.wikidata.org/entity/Q51023,actor
Priscilla Presley,-0.279,http://www.wikidata.org/entity/Q234773,actor
Ana de Armas,-0.283,http://www.wikidata.org/entity/Q698173,actor
Maurizio D'Ancora,-0.321,http://www.wikidata.org/entity/Q3852571,actor
Volodymyr Zelenskyy,-0.349,http://www.wikidata.org/entity/Q3874799,actor
Donald Trump,-0.385,http://www.wikidata.org/entity/Q22686,actor
Till Lindemann,-0.462,http://www.wikidata.org/entity/Q154852,actor
Valery Todorovsky,-0.49,http://www.wikidata.org/entity/Q1969891,actor
Chinese Americans,0.9,http://www.wikidata.org/entity/Q1146100,Chinese people
Han Chinese people,0.683,http://www.wikidata.org/entity/Q42740,Chinese people
Overseas Chinese,0.46,http://www.wikidata.org/entity/Q779191,Chinese people
Chinese cuisine,0.125,http://www.wikidata.org/entity/Q10876842,Chinese people
Myanmar,0.044,http://www.wikidata.org/entity/Q836,Chinese people
Cambodia,-0.222,http://www.wikidata.org/entity/Q424,Chinese people
Japan,-0.227,http://www.wikidata.org/entity/Q17,Chinese people
Indonesia,-0.277,http://www.wikidata.org/entity/Q252,Chinese people
foot binding,-0.463,http://www.wikidata.org/entity/Q498231,Chinese people
Australia,-0.723,http://www.wikidata.org/entity/Q408,Chinese people
Steve Wozniak,0.814,http://www.wikidata.org/entity/Q483382,computer scientist
Steve Jobs,0.474,http://www.wikidata.org/entity/Q19837,computer scientist
Sergey Brin,0.341,http://www.wikidata.org/entity/Q92764,computer scientist
Alan Turing,0.256,http://www.wikidata.org/entity/Q7251,computer scientist
Jack Dorsey,0.209,http://www.wikidata.org/entity/Q335552,computer scientist
Mark Zuckerberg,0.162,http://www.wikidata.org/entity/Q36215,computer scientist
Edward Snowden,0.121,http://www.wikidata.org/entity/Q13424289,computer scientist
Sudha Murthy,0.0,http://www.wikidata.org/entity/Q3520225,computer scientist
Arkady Volozh,-0.184,http://www.wikidata.org/entity/Q4123823,computer scientist
Larry Page,-0.184,http://www.wikidata.org/entity/Q4934,computer scientist
Pavel Valeryevich Durov,-0.189,http://www.wikidata.org/entity/Q149067,computer scientist
Peter Thiel,-0.189,http://www.wikidata.org/entity/Q705525,computer scientist
Eduardo Saverin,-0.326,http://www.wikidata.org/entity/Q312663,computer scientist
Daniel Ek,-0.361,http://www.wikidata.org/entity/Q901670,computer scientist
Jeff Bezos,-0.37,http://www.wikidata.org/entity/Q312556,computer scientist
Isaac Newton,0.829,http://www.wikidata.org/entity/Q935,mathematician
Carl Friedrich Gauss,0.397,http://www.wikidata.org/entity/Q6722,mathematician
Werner Heisenberg,0.34,http://www.wikidata.org/entity/Q40904,mathematician
Boris Grebenshchikov,0.255,http://www.wikidata.org/entity/Q542101,mathematician
Thomas Edison,0.244,http://www.wikidata.org/entity/Q8743,mathematician
Boris Berezovsky,0.231,http://www.wikidata.org/entity/Q311019,mathematician
John Forbes Nash,0.175,http://www.wikidata.org/entity/Q128736,mathematician
Mikhail Vassilyevich Lomonosov,0.102,http://www.wikidata.org/entity/Q58720,mathematician
Arkady Volozh,0.049,http://www.wikidata.org/entity/Q4123823,mathematician
Max Born,0.023,http://www.wikidata.org/entity/Q58978,mathematician
Grigori Perelman,0.0,http://www.wikidata.org/entity/Q117346,mathematician
Albrecht Dürer,-0.122,http://www.wikidata.org/entity/Q5580,mathematician
Leonardo da Vinci,-0.158,http://www.wikidata.org/entity/Q762,mathematician
Ted Kaczynski,-0.233,http://www.wikidata.org/entity/Q222134,mathematician
Immanuel Kant,-0.25,http://www.wikidata.org/entity/Q9312,mathematician
Lee Hsien Loong,-0.341,http://www.wikidata.org/entity/Q57643,mathematician
mathematics,-0.35,http://www.wikidata.org/entity/Q395,mathematician
Joan Clarke,-0.422,http://www.wikidata.org/entity/Q15990084,mathematician
Robert Oppenheimer,0.705,http://www.wikidata.org/entity/Q132537,engineer
Elon Musk,0.459,http://www.wikidata.org/entity/Q317521,engineer
Bernard Arnault,0.375,http://www.wikidata.org/entity/Q32055,engineer
Larry Page,0.225,http://www.wikidata.org/entity/Q4934,engineer
Leonid Brezhnev,0.179,http://www.wikidata.org/entity/Q765165,engineer
Hu Jintao,0.125,http://www.wikidata.org/entity/Q15029,engineer
Nikolai Patrushev,0.121,http://www.wikidata.org/entity/Q446865,engineer
Mikhail Mishustin,0.1,http://www.wikidata.org/entity/Q4298520,engineer
Oleksandr Turchynov,0.077,http://www.wikidata.org/entity/Q15850,engineer
Viktor Yanukovych,0.032,http://www.wikidata.org/entity/Q1459658,engineer
Mikhail Fridman,0.025,http://www.wikidata.org/entity/Q732142,engineer
Leonid Kuchma,-0.111,http://www.wikidata.org/entity/Q629702,engineer
Herbert Hoover,-0.194,http://www.wikidata.org/entity/Q35236,engineer
Jimmy Carter,-0.487,http://www.wikidata.org/entity/Q23685,engineer
George Washington,-0.524,http://www.wikidata.org/entity/Q23,engineer
James Cameron,-0.634,http://www.wikidata.org/entity/Q42574,engineer
Chris Rock,0.897,http://www.wikidata.org/entity/Q4109,stand up comedian
Ricky Gervais,0.644,http://www.wikidata.org/entity/Q23517,stand up comedian
Robin Williams,0.486,http://www.wikidata.org/entity/Q83338,stand up comedian
Pete Davidson,0.447,http://www.wikidata.org/entity/Q18097962,stand up comedian
Russell Brand,0.435,http://www.wikidata.org/entity/Q296609,stand up comedian
John Mulaney,0.354,http://www.wikidata.org/entity/Q6249723,stand up comedian
Bob Saget,0.265,http://www.wikidata.org/entity/Q333544,stand up comedian
Nick Kroll,-0.02,http://www.wikidata.org/entity/Q4241574,stand up comedian
Brett Goldstein,-0.021,http://www.wikidata.org/entity/Q22277167,stand up comedian
Stephen Merchant,-0.037,http://www.wikidata.org/entity/Q23814,stand up comedian
Chelsea Peretti,-0.054,http://www.wikidata.org/entity/Q5090122,stand up comedian
Benjamin Walker,-0.175,http://www.wikidata.org/entity/Q817734,stand up comedian
Maxim Galkin,-0.216,http://www.wikidata.org/entity/Q559485,stand up comedian
Jenny Slate,-0.225,http://www.wikidata.org/entity/Q744166,stand up comedian
Jemaine Clement,-0.297,http://www.wikidata.org/entity/Q439315,stand up comedian
Kumail Nanjiani,-0.316,http://www.wikidata.org/entity/Q6443390,stand up comedian
Sergey Pakhomov,-0.375,http://www.wikidata.org/entity/Q4347373,stand up comedian
Leonid Yarmolnik,-0.476,http://www.wikidata.org/entity/Q4538670,stand up comedian
Garik Martirosyan,-0.477,http://www.wikidata.org/entity/Q2389088,stand up comedian
Cinderella,0.75,http://www.wikidata.org/entity/Q15046091,cinematic fairy tale
Beauty and the Beast,0.727,http://www.wikidata.org/entity/Q3206615,cinematic fairy tale
Beauty and the Beast (1991 film),0.708,http://www.wikidata.org/entity/Q179673,cinematic fairy tale
The Little Mermaid,0.646,http://www.wikidata.org/entity/Q28970981,cinematic fairy tale
Tangled,0.391,http://www.wikidata.org/entity/Q188439,cinematic fairy tale
Three Nuts for Cinderella,0.114,http://www.wikidata.org/entity/Q140447,cinematic fairy tale
Arabian Nights,0.089,http://www.wikidata.org/entity/Q209737,cinematic fairy tale
A Night Before Christmas,0.077,http://www.wikidata.org/entity/Q4110177,cinematic fairy tale
Brother Bear,0.0,http://www.wikidata.org/entity/Q215365,cinematic fairy tale
Coraline,-0.026,http://www.wikidata.org/entity/Q632668,cinematic fairy tale
"Mary Poppins, Goodbye",-0.116,http://www.wikidata.org/entity/Q3736971,cinematic fairy tale
Arabela,-0.15,http://www.wikidata.org/entity/Q1214992,cinematic fairy tale
Jack Frost,-0.178,http://www.wikidata.org/entity/Q319163,cinematic fairy tale
The Thief of Bagdad,-0.342,http://www.wikidata.org/entity/Q463716,cinematic fairy tale
Paddington,-0.351,http://www.wikidata.org/entity/Q15055478,cinematic fairy tale
Lilac Ball,-0.37,http://www.wikidata.org/entity/Q4261614,cinematic fairy tale
An Ordinary Miracle,-0.463,http://www.wikidata.org/entity/Q1082153,cinematic fairy tale
Me Too,-0.667,http://www.wikidata.org/entity/Q4535750,cinematic fairy tale
Die Geschichte vom kleinen Muck,-0.732,http://www.wikidata.org/entity/Q1212956,cinematic fairy tale
Gene Simmons,0.714,http://www.wikidata.org/entity/Q207197,bass guitarist
Flea,0.545,http://www.wikidata.org/entity/Q202859,bass guitarist
Brian Wilson,0.463,http://www.wikidata.org/entity/Q313013,bass guitarist
George Harrison,0.432,http://www.wikidata.org/entity/Q2643,bass guitarist
Jermaine Jackson,0.312,http://www.wikidata.org/entity/Q317784,bass guitarist
Paul McCartney,0.3,http://www.wikidata.org/entity/Q2599,bass guitarist
Sid Vicious,0.184,http://www.wikidata.org/entity/Q47878,bass guitarist
Roger Taylor,0.079,http://www.wikidata.org/entity/Q15880,bass guitarist
Paul Landers,0.049,http://www.wikidata.org/entity/Q165644,bass guitarist
Claus Fischer,0.0,http://www.wikidata.org/entity/Q1098508,bass guitarist
Gleb Samoylov,-0.061,http://www.wikidata.org/entity/Q4406697,bass guitarist
Pavel Artemyev,-0.175,http://www.wikidata.org/entity/Q4070234,bass guitarist
Rodrigo González,-0.25,http://www.wikidata.org/entity/Q677129,bass guitarist
Sergey Shnurov,-0.256,http://www.wikidata.org/entity/Q921496,bass guitarist
Thomas Brodie-Sangster,-0.421,http://www.wikidata.org/entity/Q312531,bass guitarist
Bella Thorne,-0.512,http://www.wikidata.org/entity/Q208117,bass guitarist
Natalia Chumakova,-0.575,http://www.wikidata.org/entity/Q4518005,bass guitarist
Thomas Edison,0.762,http://www.wikidata.org/entity/Q8743,Americans
John D. Rockefeller,0.761,http://www.wikidata.org/entity/Q160278,Americans
Native Americans in the United States,0.415,http://www.wikidata.org/entity/Q49297,Americans
Coen brothers,0.103,http://www.wikidata.org/entity/Q56095,Americans
J. K. Simmons,0.093,http://www.wikidata.org/entity/Q150482,Americans
Lisa Bonet,0.048,http://www.wikidata.org/entity/Q232414,Americans
Julianna Margulies,0.02,http://www.wikidata.org/entity/Q229714,Americans
Ava Gardner,0.0,http://www.wikidata.org/entity/Q164487,Americans
African Americans,-0.024,http://www.wikidata.org/entity/Q49085,Americans
Dorothy Vaughan,-0.05,http://www.wikidata.org/entity/Q22915129,Americans
White Americans,-0.178,http://www.wikidata.org/entity/Q49078,Americans
Chinese Americans,-0.179,http://www.wikidata.org/entity/Q1146100,Americans
Citizenship in the United States,-0.25,http://www.wikidata.org/entity/Q15133865,Americans
Igor Sikorsky,-0.952,http://www.wikidata.org/entity/Q212446,Americans
domesticated animal,0.628,http://www.wikidata.org/entity/Q622852,animal
dinosaur,0.625,http://www.wikidata.org/entity/Q430,animal
invertebrate,0.489,http://www.wikidata.org/entity/Q43806,animal
Lama glama,0.406,http://www.wikidata.org/entity/Q42569,animal
Cryptoprocta ferox,0.326,http://www.wikidata.org/entity/Q183330,animal
carnivore,0.297,http://www.wikidata.org/entity/Q81875,animal
Eumetazoa,0.229,http://www.wikidata.org/entity/Q5174,animal
Porifera,0.122,http://www.wikidata.org/entity/Q18960,animal
Bilateria,-0.028,http://www.wikidata.org/entity/Q5173,animal
Metazoa,-0.083,http://www.wikidata.org/entity/Q151542,animal
Rotaviral gastroenteritis,-0.257,http://www.wikidata.org/entity/Q7370337,animal
number of the beast,-0.341,http://www.wikidata.org/entity/Q666,animal
Francis of Assisi,-0.514,http://www.wikidata.org/entity/Q676555,animal
semen,-0.769,http://www.wikidata.org/entity/Q9715,animal
Bayeux Embroidery,-0.789,http://www.wikidata.org/entity/Q187483,animal
Quantum of Solace,0.548,http://www.wikidata.org/entity/Q181540,spy film
Skyfall,0.472,http://www.wikidata.org/entity/Q4941,spy film
Casino Royale,0.442,http://www.wikidata.org/entity/Q151904,spy film
Tomorrow Never Dies,0.408,http://www.wikidata.org/entity/Q207916,spy film
Die Another Day,0.366,http://www.wikidata.org/entity/Q30931,spy film
Spectre,0.357,http://www.wikidata.org/entity/Q18602670,spy film
Mission: Impossible – Dead Reckoning Part One,0.289,http://www.wikidata.org/entity/Q61876370,spy film
No Time to Die,0.268,http://www.wikidata.org/entity/Q21534241,spy film
The World Is Not Enough,0.083,http://www.wikidata.org/entity/Q212145,spy film
Kingsman: The Secret Service,-0.051,http://www.wikidata.org/entity/Q15068238,spy film
xXx,-0.104,http://www.wikidata.org/entity/Q25136249,spy film
Kingsman: The Golden Circle,-0.159,http://www.wikidata.org/entity/Q23780457,spy film
The King's Man,-0.189,http://www.wikidata.org/entity/Q61633664,spy film
XXX: State of the Union,-0.359,http://www.wikidata.org/entity/Q283696,spy film
xXx Return of Xander Cage,-0.439,http://www.wikidata.org/entity/Q22075020,spy film
Operation Fortune: Ruse de guerre,-0.524,http://www.wikidata.org/entity/Q104822312,spy film
Tenet,-0.564,http://www.wikidata.org/entity/Q63985561,spy film
Venus de Milo,0.705,http://www.wikidata.org/entity/Q151952,sculpture
Venus of Willendorf,0.644,http://www.wikidata.org/entity/Q131397,sculpture
Nefertiti Bust,0.5,http://www.wikidata.org/entity/Q582172,sculpture
Victory Arch,0.462,http://www.wikidata.org/entity/Q1340523,sculpture
Kyffhäuser Monument,0.267,http://www.wikidata.org/entity/Q573639,sculpture
Venus of Galgenberg,0.244,http://www.wikidata.org/entity/Q700728,sculpture
Lion man of the Hohlenstein Stadel,0.229,http://www.wikidata.org/entity/Q702658,sculpture
The Gates of Hell,0.133,http://www.wikidata.org/entity/Q2003287,sculpture
Zbruch Idol,0.133,http://www.wikidata.org/entity/Q1577428,sculpture
Bacchus,0.045,http://www.wikidata.org/entity/Q1144620,sculpture
relief sculpture,0.024,http://www.wikidata.org/entity/Q245117,sculpture
Pietà,-0.053,http://www.wikidata.org/entity/Q235242,sculpture
crystal skull,-0.06,http://www.wikidata.org/entity/Q254170,sculpture
Fallen Astronaut,-0.067,http://www.wikidata.org/entity/Q1161218,sculpture
Laocoön and His Sons,-0.068,http://www.wikidata.org/entity/Q465762,sculpture
Capitoline Wolf,-0.114,http://www.wikidata.org/entity/Q408623,sculpture
Hermannsdenkmal,-0.19,http://www.wikidata.org/entity/Q664245,sculpture
art of sculpture,-0.3,http://www.wikidata.org/entity/Q11634,sculpture
Sheela na gig,-0.349,http://www.wikidata.org/entity/Q509424,sculpture
death mask,-0.395,http://www.wikidata.org/entity/Q40555,sculpture
Moses,-0.514,http://www.wikidata.org/entity/Q1989744,sculpture
terracotta,-0.535,http://www.wikidata.org/entity/Q60424,sculpture
Vladimir Putin,0.861,http://www.wikidata.org/entity/Q7747,Russians
Andrei Sakharov,0.444,http://www.wikidata.org/entity/Q997,Russians
Vasily Chuikov,0.412,http://www.wikidata.org/entity/Q157594,Russians
Wassily Kandinsky,0.333,http://www.wikidata.org/entity/Q61064,Russians
Lev Yashin,0.275,http://www.wikidata.org/entity/Q167828,Russians
Denis Pushilin,0.184,http://www.wikidata.org/entity/Q16514790,Russians
Semyon Budyonny,0.081,http://www.wikidata.org/entity/Q242474,Russians
Russia,0.048,http://www.wikidata.org/entity/Q159,Russians
Russian,0.0,http://www.wikidata.org/entity/Q7737,Russians
Milla Jovovich,-0.128,http://www.wikidata.org/entity/Q170576,Russians
Rusyns,-0.26,http://www.wikidata.org/entity/Q140420,Russians
Rus' people,-0.436,http://www.wikidata.org/entity/Q914114,Russians
East Slavs,-0.588,http://www.wikidata.org/entity/Q211052,Russians
Azerbaijan,-0.738,http://www.wikidata.org/entity/Q227,Russians
Call of Duty 4: Modern Warfare,0.65,http://www.wikidata.org/entity/Q76255,multiplayer video game
Call of Duty,0.59,http://www.wikidata.org/entity/Q192156,multiplayer video game
Call of Duty: Modern Warfare II,0.581,http://www.wikidata.org/entity/Q110206584,multiplayer video game
Call of Duty: Modern Warfare,0.564,http://www.wikidata.org/entity/Q64083878,multiplayer video game
Call of Duty: Black Ops,0.541,http://www.wikidata.org/entity/Q207986,multiplayer video game
Call of Duty: Modern Warfare 3,0.477,http://www.wikidata.org/entity/Q486233,multiplayer video game
Call of Duty: Black Ops Cold War,0.4,http://www.wikidata.org/entity/Q98514334,multiplayer video game
Minecraft,0.348,http://www.wikidata.org/entity/Q49740,multiplayer video game
League of Legends,0.275,http://www.wikidata.org/entity/Q223341,multiplayer video game
Grand Theft Auto V,0.224,http://www.wikidata.org/entity/Q17452,multiplayer video game
Call of Duty: Vanguard,0.211,http://www.wikidata.org/entity/Q108054772,multiplayer video game
Dark Souls III,0.137,http://www.wikidata.org/entity/Q20112508,multiplayer video game
Uncharted 4: A Thief's End,-0.19,http://www.wikidata.org/entity/Q16681843,multiplayer video game
Need for Speed: Hot Pursuit,-0.195,http://www.wikidata.org/entity/Q837931,multiplayer video game
Red Dead Redemption 2,-0.263,http://www.wikidata.org/entity/Q27438121,multiplayer video game
Assassin's Creed IV: Black Flag,-0.28,http://www.wikidata.org/entity/Q6052688,multiplayer video game
The Last of Us,-0.325,http://www.wikidata.org/entity/Q1986744,multiplayer video game
S.T.A.L.K.E.R.: Shadow of Chernobyl,-0.326,http://www.wikidata.org/entity/Q215861,multiplayer video game
God of War,-0.422,http://www.wikidata.org/entity/Q390137,multiplayer video game
Tomb Raider,-0.595,http://www.wikidata.org/entity/Q1757876,multiplayer video game
Return to Castle Wolfenstein,-0.605,http://www.wikidata.org/entity/Q748317,multiplayer video game
Elden Ring,-0.703,http://www.wikidata.org/entity/Q64826862,multiplayer video game
God of War Ragnarök,0.349,http://www.wikidata.org/entity/Q99397916,single player video game
God of War,0.324,http://www.wikidata.org/entity/Q18345138,single player video game
Resident Evil,0.293,http://www.wikidata.org/entity/Q1248594,single player video game
Need for Speed: Hot Pursuit,0.16,http://www.wikidata.org/entity/Q837931,single player video game
The Last of Us Part II,0.132,http://www.wikidata.org/entity/Q27950674,single player video game
Uncharted: Drake's Fortune,0.12,http://www.wikidata.org/entity/Q17150,single player video game
Grand Theft Auto V,0.085,http://www.wikidata.org/entity/Q17452,single player video game
Call of Duty,0.083,http://www.wikidata.org/entity/Q192156,single player video game
The Secret of Monkey Island,0.073,http://www.wikidata.org/entity/Q179247,single player video game
Call of Duty: Modern Warfare,0.049,http://www.wikidata.org/entity/Q64083878,single player video game
Assassin's Creed Valhalla,0.026,http://www.wikidata.org/entity/Q92464687,single player video game
Call of Duty: Modern Warfare II,-0.081,http://www.wikidata.org/entity/Q110206584,single player video game
Call of Duty: Black Ops Cold War,-0.1,http://www.wikidata.org/entity/Q98514334,single player video game
Call of Duty 4: Modern Warfare,-0.167,http://www.wikidata.org/entity/Q76255,single player video game
Call of Duty: Vanguard,-0.194,http://www.wikidata.org/entity/Q108054772,single player video game
Elden Ring,-0.2,http://www.wikidata.org/entity/Q64826862,single player video game
Poppy Playtime,-0.316,http://www.wikidata.org/entity/Q109278524,single player video game
Ludwig van Beethoven,0.881,http://www.wikidata.org/entity/Q255,Germans
Joachim von Ribbentrop,0.487,http://www.wikidata.org/entity/Q101886,Germans
Benedict XVI,0.325,http://www.wikidata.org/entity/Q2494,Germans
Germanic peoples,0.238,http://www.wikidata.org/entity/Q22633,Germans
Germany,0.196,http://www.wikidata.org/entity/Q183,Germans
German,0.073,http://www.wikidata.org/entity/Q188,Germans
Poland,-0.217,http://www.wikidata.org/entity/Q36,Germans
Austria,-0.256,http://www.wikidata.org/entity/Q40,Germans
Gal Gadot,-0.488,http://www.wikidata.org/entity/Q185654,Germans
Australia,-0.895,http://www.wikidata.org/entity/Q408,Germans
Frank Sinatra,0.558,http://www.wikidata.org/entity/Q40912,jazz musician
Charlie Watts,0.545,http://www.wikidata.org/entity/Q216051,jazz musician
Eric Clapton,0.468,http://www.wikidata.org/entity/Q48187,jazz musician
Quincy Jones,0.391,http://www.wikidata.org/entity/Q193645,jazz musician
Dean Martin,0.282,http://www.wikidata.org/entity/Q215359,jazz musician
Amy Winehouse,0.095,http://www.wikidata.org/entity/Q15897,jazz musician
Emin Agalarov,0.091,http://www.wikidata.org/entity/Q983419,jazz musician
Bhumibol Adulyadej,-0.041,http://www.wikidata.org/entity/Q855252,jazz musician
Sergey Kuryokhin,-0.044,http://www.wikidata.org/entity/Q118233,jazz musician
Michelle Dockery,-0.077,http://www.wikidata.org/entity/Q259760,jazz musician
Phil Collins,-0.125,http://www.wikidata.org/entity/Q144622,jazz musician
Viggo Mortensen,-0.35,http://www.wikidata.org/entity/Q171363,jazz musician
Clint Eastwood,-0.404,http://www.wikidata.org/entity/Q43203,jazz musician
Barbra Streisand,-0.444,http://www.wikidata.org/entity/Q4636,jazz musician
Woody Allen,-0.585,http://www.wikidata.org/entity/Q25089,jazz musician
Oppenheimer,0.769,http://www.wikidata.org/entity/Q108839994,historical film
Gone with the Wind,0.674,http://www.wikidata.org/entity/Q2875,historical film
The Passion of the Christ,0.652,http://www.wikidata.org/entity/Q51668,historical film
Gladiator,0.556,http://www.wikidata.org/entity/Q128518,historical film
Valkyrie,0.439,http://www.wikidata.org/entity/Q159054,historical film
The Last Duel,0.429,http://www.wikidata.org/entity/Q85000980,historical film
Midway,0.289,http://www.wikidata.org/entity/Q56551019,historical film
Downfall,0.214,http://www.wikidata.org/entity/Q152857,historical film
The Northman,0.213,http://www.wikidata.org/entity/Q87126244,historical film
The King,0.095,http://www.wikidata.org/entity/Q54801155,historical film
Amsterdam,0.026,http://www.wikidata.org/entity/Q104830968,historical film
Land of Legends,0.02,http://www.wikidata.org/entity/Q55659358,historical film
Union of Salvation,0.0,http://www.wikidata.org/entity/Q53704963,historical film
Kingdom of Heaven,0.0,http://www.wikidata.org/entity/Q207698,historical film
Thirteen Lives,-0.188,http://www.wikidata.org/entity/Q105962844,historical film
Champion of the World,-0.222,http://www.wikidata.org/entity/Q65154506,historical film
Das Boot,-0.278,http://www.wikidata.org/entity/Q62730,historical film
Ekaterina,-0.327,http://www.wikidata.org/entity/Q2941802,historical film
Blonde,-0.429,http://www.wikidata.org/entity/Q66823622,historical film
Thomas Brodie-Sangster,-0.554,http://www.wikidata.org/entity/Q312531,historical film
Oliver Reed,-0.595,http://www.wikidata.org/entity/Q313588,historical film
Derek Jacobi,-0.727,http://www.wikidata.org/entity/Q256164,historical film
Joe Biden,0.651,http://www.wikidata.org/entity/Q6279,President of the United States
Ronald Reagan,0.514,http://www.wikidata.org/entity/Q9960,President of the United States
John F. Kennedy,0.442,http://www.wikidata.org/entity/Q9696,President of the United States
Barack Obama,0.389,http://www.wikidata.org/entity/Q76,President of the United States
Franklin Delano Roosevelt,0.324,http://www.wikidata.org/entity/Q8007,President of the United States
Donald Trump,0.303,http://www.wikidata.org/entity/Q22686,President of the United States
Bill Clinton,0.158,http://www.wikidata.org/entity/Q1124,President of the United States
George H. W. Bush,0.024,http://www.wikidata.org/entity/Q23505,President of the United States
Jimmy Carter,0.02,http://www.wikidata.org/entity/Q23685,President of the United States
George W. Bush,-0.132,http://www.wikidata.org/entity/Q207,President of the United States
United States of America,-0.196,http://www.wikidata.org/entity/Q30,President of the United States
2020 United States presidential election,-0.476,http://www.wikidata.org/entity/Q22923830,President of the United States
United States Armed Forces,-0.923,http://www.wikidata.org/entity/Q11211,President of the United States
Game of Thrones,0.652,http://www.wikidata.org/entity/Q23572,drama television series
Yellowstone,0.636,http://www.wikidata.org/entity/Q47452423,drama television series
The Crown,0.632,http://www.wikidata.org/entity/Q20707362,drama television series
Breaking Bad,0.378,http://www.wikidata.org/entity/Q1079,drama television series
The Lord of the Rings: The Rings of Power,0.257,http://www.wikidata.org/entity/Q59149852,drama television series
The Walking Dead,0.119,http://www.wikidata.org/entity/Q232737,drama television series
House of the Dragon,0.114,http://www.wikidata.org/entity/Q72930269,drama television series
The Witcher,0.093,http://www.wikidata.org/entity/Q47500433,drama television series
Stranger Things,0.048,http://www.wikidata.org/entity/Q19798734,drama television series
Peaky Blinders,-0.025,http://www.wikidata.org/entity/Q14944179,drama television series
The Book of Boba Fett,-0.174,http://www.wikidata.org/entity/Q104396610,drama television series
WandaVision,-0.186,http://www.wikidata.org/entity/Q65980217,drama television series
How I Met Your Mother,-0.227,http://www.wikidata.org/entity/Q147235,drama television series
Brigada,-0.294,http://www.wikidata.org/entity/Q915313,drama television series
Dark,-0.385,http://www.wikidata.org/entity/Q28443710,drama television series
Silver Spoon,-0.698,http://www.wikidata.org/entity/Q19619067,drama television series
rock music,0.8,http://www.wikidata.org/entity/Q11399,music genre
heavy metal,0.771,http://www.wikidata.org/entity/Q38848,music genre
punk rock,0.571,http://www.wikidata.org/entity/Q3071,music genre
hip hop music,0.543,http://www.wikidata.org/entity/Q11401,music genre
traditional heavy metal,0.525,http://www.wikidata.org/entity/Q1133657,music genre
grunge,0.39,http://www.wikidata.org/entity/Q11365,music genre
alternative rock,0.364,http://www.wikidata.org/entity/Q11366,music genre
new wave,0.316,http://www.wikidata.org/entity/Q187760,music genre
rapping,0.233,http://www.wikidata.org/entity/Q6010,music genre
psychedelic rock,0.22,http://www.wikidata.org/entity/Q206159,music genre
electronic dance music,0.122,http://www.wikidata.org/entity/Q851213,music genre
nu metal,0.119,http://www.wikidata.org/entity/Q263734,music genre
trap music,0.029,http://www.wikidata.org/entity/Q2913982,music genre
black metal,0.0,http://www.wikidata.org/entity/Q132438,music genre
Eurodance,-0.024,http://www.wikidata.org/entity/Q216961,music genre
post-punk,-0.143,http://www.wikidata.org/entity/Q598929,music genre
schlager music,-0.347,http://www.wikidata.org/entity/Q959583,music genre
Krautrock,-0.474,http://www.wikidata.org/entity/Q320592,music genre
shoegaze,-0.531,http://www.wikidata.org/entity/Q272167,music genre
oi!,-0.674,http://www.wikidata.org/entity/Q274401,music genre
Neue Deutsche Härte,-0.75,http://www.wikidata.org/entity/Q213572,music genre
Neue Deutsche Welle,-0.884,http://www.wikidata.org/entity/Q646679,music genre
